Año;Provincia;Casos - Botulismo;Casos - Brucelosis;Casos - Campilobacteriosis;Casos - Carbunco;Casos - Criptosporidiosis;Casos - Cólera;Casos - Fiebre del Dengue;Casos - Difteria;Casos - Encefalopatías espongiformes;Casos - Enfermedad de Lyme;Casos - Enfermedad invasora Haemophilus influenzae;Casos - Enfermedad invasora por S. pneumoniae;Casos - Enfermedad meningocócica;Casos - Enfermedad por virus Chikungunya;Casos - Enfermedad por virus Zika;Casos - Fiebre Q;Casos - Fiebre amarilla;Casos - Fiebre exantemática mediterránea;Casos - Fiebre recurrente por garrapatas;Casos - Fiebres hemorrágicas virales;Casos - Fiebres tifoidea y paratifoidea;Casos - Giardiasis;Casos - Gripe;Casos - Gripe Grave;Casos - Hepatitis A;Casos - Hepatitis B;Casos - Hepatitis C;Casos - Hidatidosis;Casos - Infección por cepas de Escherichia coli productoras de toxina Shiga o Vero;Casos - Infección humana por virus de la gripe aviar;Casos - Infecciones por Chlamydia;Casos - Infección gonocócica;Casos - Infección por nuevo virus de la gripe A(H1N1);Casos - Legionelosis;Casos - Leishmaniasis;Casos - Lepra;Casos - Leptospirosis;Casos - Listeriosis;Casos - Meningitis víricas;Casos - Nuevas infecciones por VIH/Sida;Casos - Otras ETS;Casos - Otras Meningitis Bacterianas;Casos - Otras hepatitis víricas;Casos - Paludismo;Casos - Parotiditis;Casos - Parálisis flácida aguda;Casos - Peste;Casos - Poliomielitis;Casos - Rabia;Casos - Rubéola;Casos - Rubéola congénita;Casos - SIDA;Casos - Salmonelosis de transmisión alimentaria;Casos - Sarampión;Casos - Shigelosis;Casos - Síndrome respiratorio agudo severo;Casos - Sífilis;Casos - Sífilis congénita;Casos - Tifus exantemático;Casos - Tos Ferina;Casos - Toxoplasmosis;Casos - Triquinosis;Casos - Tuberculosis (cualquier localización);Casos - Tularemia;Casos - Tétanos;Casos - Tétanos neonatal;Casos - Varicela;Casos - Yersiniosis;Tasas por 100.000 habitantes - Botulismo;Tasas por 100.000 habitantes - Brucelosis;Tasas por 100.000 habitantes - Campilobacteriosis;Tasas por 100.000 habitantes - Carbunco;Tasas por 100.000 habitantes - Criptosporidiosis;Tasas por 100.000 habitantes - Cólera;Tasas por 100.000 habitantes - Fiebre del Dengue;Tasas por 100.000 habitantes - Difteria;Tasas por 100.000 habitantes - Encefalopatías espongiformes;Tasas por 100.000 habitantes - Enfermedad de Lyme;Tasas por 100.000 habitantes - Enfermedad invasora Haemophilus influenzae;Tasas por 100.000 habitantes - Enfermedad invasora por S. pneumoniae;Tasas por 100.000 habitantes - Enfermedad meningocócica;Tasas por 100.000 habitantes - Enfermedad por virus Chikungunya;Tasas por 100.000 habitantes - Enfermedad por virus Zika;Tasas por 100.000 habitantes - Fiebre Q;Tasas por 100.000 habitantes - Fiebre amarilla;Tasas por 100.000 habitantes - Fiebre exantemática mediterránea;Tasas por 100.000 habitantes - Fiebre recurrente por garrapatas;Tasas por 100.000 habitantes - Fiebres hemorrágicas virales;Tasas por 100.000 habitantes - Fiebres tifoidea y paratifoidea;Tasas por 100.000 habitantes - Giardiasis;Tasas por 100.000 habitantes - Gripe;Tasas por 100.000 habitantes - Gripe Grave;Tasas por 100.000 habitantes - Hepatitis A;Tasas por 100.000 habitantes - Hepatitis B;Tasas por 100.000 habitantes - Hepatitis C;Tasas por 100.000 habitantes - Herpes Zoster;Tasas por 100.000 habitantes - Hidatidosis;Tasas por 100.000 habitantes - Infección por cepas de Escherichia coli productoras de toxina Shiga o Vero;Tasas por 100.000 habitantes - Infección humana por virus de la gripe aviar;Tasas por 100.000 habitantes - Infecciones por Chlamydia;Tasas por 100.000 habitantes - Infección gonocócica;Tasas por 100.000 habitantes - Infección por nuevo virus de la gripe A(H1N1);Tasas por 100.000 habitantes - Legionelosis;Tasas por 100.000 habitantes - Leishmaniasis;Tasas por 100.000 habitantes - Lepra;Tasas por 100.000 habitantes - Leptospirosis;Tasas por 100.000 habitantes - Listeriosis;Tasas por 100.000 habitantes - Meningitis víricas;Tasas por 100.000 habitantes - Nuevas infecciones por VIH/Sida;Tasas por 100.000 habitantes - Otras ETS;Tasas por 100.000 habitantes - Otras Meningitis Bacterianas;Tasas por 100.000 habitantes - Otras hepatitis víricas;Tasas por 100.000 habitantes - Paludismo;Tasas por 100.000 habitantes - Parotiditis;Tasas por 100.000 habitantes - Parálisis flácida aguda;Tasas por 100.000 habitantes - Peste;Tasas por 100.000 habitantes - Poliomielitis;Tasas por 100.000 habitantes - Rabia;Rubéola;Tasas por 100.000 habitantes - Rubéola congénita;Tasas por 100.000 habitantes - SIDA;Tasas por 100.000 habitantes - Salmonelosis de transmisión alimentaria;Tasas por 100.000 habitantes - Sarampión;Tasas por 100.000 habitantes - Shigelosis;Tasas por 100.000 habitantes - Síndrome respiratorio agudo severo;Tasas por 100.000 habitantes - Sífilis;Tasas por 100.000 habitantes - Sífilis congénita;Tasas por 100.000 habitantes - Tifus exantemático;Tasas por 100.000 habitantes - Tos Ferina;Tasas por 100.000 habitantes - Toxoplasmosis;Tasas por 100.000 habitantes - Triquinosis;Tasas por 100.000 habitantes - Tuberculosis (cualquier localización);Tasas por 100.000 habitantes - Tularemia;Tasas por 100.000 habitantes - Tétanos;Tasas por 100.000 habitantes - Tétanos neonatal;Tasas por 100.000 habitantes - Varicela;Tasas por 100.000 habitantes - Yersiniosis
2018;Soria;0;0;35;0;0;0;0;0;0;0;0;12;1;0;0;4;0;3;0;0;0;3;1569;1;1;0;0;0;0;0;2;0;0;4;0;0;0;1;2;9;5;1;0;0;43;0;0;0;0;0;0;;59;0;1;0;3;0;0;3;3;1;4;1;0;0;211;8;0.0;0.0;39.37;0.0;0.0;0;0.0;0;0.0;0.0;0.0;13.5;1.12;0.0;0.0;4.5;0;3.37;0.0;0.0;0.0;3.37;1764.0;1.12;1.12;0.0;0.0;;0.0;0.0;0;0.0;2.25;0.0;4.5;0.0;0.0;0.0;1.12;2.25;10.12;5.62;1.12;0.0;0.0;48.37;0.0;0;0;0;0;0;;66.36;0.0;1.12;0;3.37;0.0;0;3.37;3.37;1.12;4.5;1.12;0.0;0;237.3;9.0
2018;Valladolid;0;0;320;0;17;0;1;0;3;7;2;37;6;0;0;2;0;8;0;0;0;33;7523;264;18;3;17;1;0;30;24;1;0;15;1;0;0;10;16;32;3;4;0;2;149;0;0;0;0;0;0;;167;4;8;0;58;0;0;17;4;0;42;0;0;0;271;10;0.0;0.0;61.4;0.0;3.26;0;0.19;0;0.58;1.34;0.38;7.1;1.15;0.0;0.0;0.38;0;1.54;0.0;0.0;0.0;6.33;1443.0;50.7;3.45;0.58;3.26;;0.19;0.19;0;5.76;4.61;0.0;2.88;0.19;0.0;0.0;1.92;3.07;6.14;0.58;0.77;0.0;0.38;28.6;0.0;0;0;0;0;0;;32.1;0.77;1.54;0;11.1;0.0;0;3.26;0.77;0.0;8.06;0.0;0.0;0;52.0;1.92
2017;Burgos;0;0;143;0;0;0;0;0;0;1;1;40;3;0;0;0;0;1;0;0;0;17;5296;101;35;5;5;5;1;0;7;14;0;14;0;0;0;3;5;22;0;0;1;3;31;0;0;0;0;0;0;0;138;0;1;0;23;0;0;5;4;0;27;0;0;0;299;12;0.0;0.0;39.93;0.0;0.0;0;0.0;0;0.0;0.28;0.28;11.17;0.94;0.0;0.0;0.0;0;0.28;0.0;0.0;0.0;4.75;1478.0;28.2;9.77;1.4;1.4;581.61;1.4;0.28;0;1.95;3.91;0.0;3.91;0.0;0.0;0.0;0.84;1.4;7.26;0.0;0.0;0.28;0.84;8.66;0.0;0;0;0;0;0;0.0;38.53;0.0;0.28;0;6.42;0.0;0;1.4;1.12;0.0;7.54;0.0;0.0;0;83.48;3.35
2017;Salamanca;0;3;120;0;0;0;0;0;0;0;0;22;4;0;0;0;0;4;1;0;0;44;5028;6;20;0;6;7;0;0;8;29;0;4;0;0;0;3;17;16;10;0;1;3;52;2;0;0;0;0;0;0;158;0;0;0;22;0;0;12;0;0;22;0;0;0;179;8;0.0;0.9;35.97;0.0;0.0;0;0.0;0;0.0;0.0;0.0;6.59;1.2;0.0;0.0;0.0;0;1.2;0.3;0.0;0.0;13.19;1507.0;1.8;6.0;0.0;1.8;625.11;2.1;0.0;0;2.4;8.69;0.0;1.2;0.0;0.0;0.0;0.9;5.1;4.8;3.0;0.0;0.3;0.9;15.59;0.6;0;0;0;0;0;0.0;47.36;0.0;0.0;0;6.59;0.0;0;3.6;0.0;0.0;6.59;0.0;0.0;0;53.66;2.4
2017;Soria;0;0;75;0;0;0;0;0;0;0;2;13;0;0;0;0;0;8;0;0;0;6;965;0;3;0;1;2;0;0;3;2;0;2;0;0;0;0;3;3;9;2;0;2;7;0;0;0;0;0;0;0;74;0;1;0;0;0;0;1;4;0;5;0;0;0;78;8;0.0;0.0;84.36;0.0;0.0;0;0.0;0;0.0;0.0;2.25;14.63;0.0;0.0;0.0;0.0;0;9.0;0.0;0.0;0.0;6.75;1085.0;0.0;3.37;0.0;1.12;577.68;2.25;0.0;0;3.37;2.25;0.0;2.25;0.0;0.0;0.0;0.0;3.37;3.37;10.12;2.25;0.0;2.25;7.87;0.0;0;0;0;0;0;0.0;83.24;0.0;1.12;0;0.0;0.0;0;1.12;4.5;0.0;5.62;0.0;0.0;0;87.74;9.0
2017;Zamora;0;1;58;0;0;0;0;0;0;2;4;12;1;0;0;2;0;1;0;0;0;5;2152;1;9;1;4;3;0;0;1;4;0;6;0;0;0;2;1;3;1;0;0;0;12;0;0;0;0;0;0;0;57;0;1;0;8;0;0;1;3;0;16;3;0;0;87;0;0.0;0.56;32.69;0.0;0.0;0;0.0;0;0.0;1.13;2.25;6.76;0.56;0.0;0.0;1.13;0;0.56;0.0;0.0;0.0;2.82;1213.0;0.56;5.07;0.56;2.25;700.58;1.69;0.0;0;0.56;2.25;0.0;3.38;0.0;0.0;0.0;1.13;0.56;1.69;0.56;0.0;0.0;0.0;6.76;0.0;0;0;0;0;0;0.0;32.13;0.0;0.56;0;4.51;0.0;0;0.56;1.69;0.0;9.02;1.69;0.0;0;49.04;0.0
2016;Salamanca;0;0;109;0;0;0;2;0;2;1;0;14;1;0;5;0;0;2;0;0;3;33;3872;12;0;1;5;8;0;0;5;21;0;1;0;0;0;3;18;15;5;2;1;3;52;1;0;0;0;0;0;0;171;0;2;0;25;1;0;15;2;0;19;0;0;0;194;21;0.0;0.0;31.7;0.0;0.0;0;0.58;0;0.58;0.29;0.0;4.07;0.29;0.0;1.45;0.0;0;0.58;0.0;0.0;0.87;9.58;1124.0;3.48;0.0;0.29;1.45;582.09;2.32;0.0;0;1.45;6.1;0.0;0.29;0.0;0.0;0.0;0.87;5.23;4.36;1.45;0.58;0.29;0.87;15.1;0.29;0;0;0;0;0;0.0;49.7;0.0;0.58;0;7.26;0.29;0;4.36;0.58;0.0;5.52;0.0;0.0;0;56.3;6.1
2016;Segovia;0;1;109;0;0;0;1;0;0;0;5;11;1;0;2;1;0;1;0;0;0;14;1857;1;4;1;3;2;0;0;13;10;0;2;0;0;0;5;6;2;42;0;1;1;17;1;0;0;0;0;0;0;128;0;2;0;10;0;0;3;1;0;7;0;0;0;384;3;0.0;0.63;68.5;0.0;0.0;0;0.63;0;0.0;0.0;3.14;6.91;0.63;0.0;1.26;0.63;0;0.63;0.0;0.0;0.0;8.8;1166.0;0.63;2.51;0.63;1.89;526.34;1.26;0.0;0;8.17;6.28;0.0;1.26;0.0;0.0;0.0;3.14;3.77;1.26;26.39;0.0;0.63;0.63;10.68;0.63;0;0;0;0;0;0.0;80.44;0.0;1.26;0;6.28;0.0;0;1.89;0.63;0.0;4.4;0.0;0.0;0;241.3;1.89
2016;Valladolid;0;0;274;0;3;0;5;0;1;0;1;19;4;1;6;1;0;5;0;0;0;21;6834;27;4;8;15;3;2;0;3;19;0;3;0;1;0;10;17;27;1;3;0;2;67;1;0;0;0;0;0;3;414;0;3;0;24;0;0;17;5;0;42;0;0;0;1147;15;0.0;0.0;51.83;0.0;0.57;0;0.95;0;0.19;0.0;0.19;3.59;0.76;0.19;1.13;0.19;0;0.95;0.0;0.0;0.0;3.97;1292.0;5.11;0.76;1.51;2.84;553.7;0.57;0.38;0;0.57;3.59;0.0;0.57;0.0;0.19;0.0;1.89;3.22;5.11;0.19;0.57;0.0;0.38;12.67;0.19;0;0;0;0;0;0.57;78.31;0.0;0.57;0;4.54;0.0;0;3.22;0.95;0.0;7.94;0.0;0.0;0;217.0;2.84
2016;Zamora;0;1;39;0;5;0;0;0;1;0;5;11;3;0;1;0;0;2;0;0;0;5;2483;0;0;4;4;1;0;0;0;7;0;2;0;0;0;2;7;6;1;0;0;0;5;0;0;0;0;0;0;3;117;0;1;0;5;0;0;0;1;0;29;1;0;0;264;4;0.0;0.54;20.92;0.0;2.68;0;0.0;0;0.54;0.0;2.68;5.9;1.61;0.0;0.54;0.0;0;1.07;0.0;0.0;0.0;2.68;1332.0;0.0;0.0;2.15;2.15;636.9;0.54;0.0;0;0.0;3.76;0.0;1.07;0.0;0.0;0.0;1.07;3.76;3.22;0.54;0.0;0.0;0.0;2.68;0.0;0;0;0;0;0;1.61;62.77;0.0;0.54;0;2.68;0.0;0;0.0;0.54;0.0;15.56;0.54;0.0;0;141.6;2.15
2015;León;0;0;65;0;5;0;0;0;0;1;0;24;1;3;0;1;0;3;0;0;0;18;6158;0;5;7;10;3;7;0;3;14;0;15;1;0;0;9;9;15;1;0;1;1;56;1;0;0;0;0;0;;42;0;6;0;16;0;0;17;3;0;67;1;0;0;1045;3;0.0;0.0;13.42;0.0;1.03;0;0.0;0;0.0;0.21;0.0;4.95;0.21;0.62;0.0;0.21;0;0.62;0.0;0.0;0.0;3.71;1270.0;0.0;1.03;1.44;2.06;573.56;0.62;1.44;0;0.62;2.89;0.0;3.1;0.21;0.0;0.0;1.86;1.86;3.1;0.21;0.0;0.21;0.21;11.56;0.21;0;0;0;0;0;;8.67;0.0;1.24;0;3.3;0.0;0;3.51;0.62;0.0;13.83;0.21;0.0;0;215.67;0.62
2015;Salamanca;0;4;85;0;3;0;0;0;0;0;0;13;1;1;0;0;0;3;0;0;1;30;7552;0;5;2;7;7;0;0;5;15;0;17;0;1;0;1;16;13;4;3;0;3;35;1;0;0;0;0;0;;131;0;0;0;14;0;0;36;1;0;34;2;0;0;387;13;0.0;1.16;24.68;0.0;0.87;0;0.0;0;0.0;0.0;0.0;3.77;0.29;0.29;0.0;0.0;0;0.87;0.0;0.0;0.29;8.71;2192.0;0.0;1.45;0.58;2.03;542.98;2.03;0.0;0;1.45;4.36;0.0;4.94;0.0;0.29;0.0;0.29;4.65;3.77;1.16;0.87;0.0;0.87;10.16;0.29;0;0;0;0;0;;38.04;0.0;0.0;0;4.07;0.0;0;10.45;0.29;0.0;9.87;0.58;0.0;0;112.37;3.77
2015;Zamora;0;0;35;0;1;0;0;0;0;0;0;8;1;0;0;0;0;0;0;0;0;4;3886;0;1;5;5;4;0;0;0;2;0;1;0;0;0;1;8;2;0;0;0;1;1;0;0;0;0;0;0;;39;0;1;0;3;0;0;3;0;0;24;6;0;0;97;1;0.0;0.0;18.78;0.0;0.54;0;0.0;0;0.0;0.0;0.0;4.29;0.54;0.0;0.0;0.0;0;0.0;0.0;0.0;0.0;2.15;2084.0;0.0;0.54;2.68;2.68;645.04;2.15;0.0;0;0.0;1.07;0.0;0.54;0.0;0.0;0.0;0.54;4.29;1.07;0.0;0.0;0.0;0.54;0.54;0.0;0;0;0;0;0;;20.92;0.0;0.54;0;1.61;0.0;0;1.61;0.0;0.0;12.88;3.22;0.0;0;52.04;0.54
2014;Burgos;0;1;109;0;0;0;2;0;0;1;0;18;1;4;;0;0;1;0;0;0;15;5153;0;14;10;24;8;0;0;5;7;0;5;1;0;0;3;9;20;0;3;2;0;37;0;0;0;0;0;0;0;85;0;0;0;3;0;0;13;2;0;41;6;0;0;818;1;0.0;0.27;29.56;0.0;0.0;0;0.54;0;0.0;0.27;0.0;4.88;0.27;1.08;;0.0;0;0.27;0.0;0.0;0.0;4.07;1397.0;0.0;3.8;2.73;6.51;528.06;2.17;0.0;0;1.36;1.9;0.0;1.36;0.27;0.0;0.0;0.81;2.44;5.42;0.0;0.81;0.54;0.0;10.04;0.0;0;0;0;0;0;0.0;23.05;0.0;0.0;0;0.81;0.0;0;3.53;0.54;0.0;11.12;1.63;0.0;0;221.86;0.27
2014;Soria;0;0;89;0;0;0;0;0;1;0;0;7;0;2;;0;0;2;0;0;0;5;682;0;0;0;2;4;0;0;0;2;0;2;1;0;0;1;1;5;5;0;0;1;4;0;0;0;0;0;0;0;69;0;4;0;1;0;0;0;3;0;5;0;0;0;256;2;0.0;0.0;95.11;0.0;0.0;0;0.0;0;1.07;0.0;0.0;7.48;0.0;2.14;;0.0;0;2.14;0.0;0.0;0.0;5.34;728.83;0.0;0.0;0.0;2.14;527.91;4.27;0.0;0;0.0;2.14;0.0;2.14;1.07;0.0;0.0;1.07;1.07;5.34;5.34;0.0;0.0;1.07;4.27;0.0;0;0;0;0;0;0.0;73.74;0.0;4.27;0;1.07;0.0;0;0.0;3.21;0.0;5.34;0.0;0.0;0;273.58;2.14
2013;Segovia;0;0;93;0;0;0;0;0;0;1;2;11;0;;;0;0;0;0;0;0;17;2403;0;0;4;6;1;0;0;1;5;0;1;0;0;0;2;2;2;13;0;0;3;87;0;0;0;0;0;0;0;145;0;0;0;6;0;0;4;2;0;10;0;0;0;400;4;0.0;0.0;57.63;0.0;0.0;0;0.0;0;0.0;0.62;1.24;6.82;0.0;;;0.0;0;0.0;0.0;0.0;0.0;10.53;1489.0;0.0;0.0;2.48;3.72;494.74;0.62;0.0;0;0.62;3.1;0.0;0.62;0.0;0.0;0.0;1.24;1.24;1.24;8.06;0.0;0.0;1.86;53.91;0.0;0;0;0;0;0;0.0;89.85;0.0;0.0;0;3.72;0.0;0;2.48;1.24;0.0;6.2;0.0;0.0;0;247.87;2.48
2012;Palencia;0;0;44;0;0;0;;0;0;1;0;25;2;;;0;0;2;0;0;0;8;3070;1;0;3;7;4;0;0;0;6;0;0;0;0;0;1;3;5;5;1;0;1;284;0;0;0;0;0;0;0;32;0;0;0;2;0;0;1;0;0;29;0;0;0;773;2;0.0;0.0;25.77;0.0;0.0;0;;0;0.0;0.59;0.0;14.64;1.17;;;0.0;0;1.17;0.0;0.0;0.0;4.69;1798.0;0.59;0.0;1.76;4.1;482.68;2.34;0.0;0;0.0;3.51;0.0;0.0;0.0;0.0;0.0;0.59;1.76;2.93;2.93;0.59;0.0;0.59;166.36;0.0;0;0;0;0;0;0.0;18.74;0.0;0.0;0;1.17;0.0;0;0.59;0.0;0.0;16.99;0.0;0.0;0;452.81;1.17
2012;Segovia;0;0;47;0;0;0;;0;1;0;2;17;0;;;0;0;1;0;0;0;10;2462;0;1;1;2;5;0;0;2;6;0;1;0;0;0;2;3;11;15;0;1;0;44;0;0;0;0;0;0;2;109;1;0;0;3;0;0;3;3;0;3;0;0;0;306;3;0.0;0.0;28.71;0.0;0.0;0;;0;0.61;0.0;1.22;10.38;0.0;;;0.0;0;0.61;0.0;0.0;0.0;6.11;1503.0;0.0;0.61;0.61;1.22;461.21;3.05;0.0;0;1.22;3.67;0.0;0.61;0.0;0.0;0.0;1.22;1.83;6.72;9.16;0.0;0.61;0.0;26.88;0.0;0;0;0;0;0;1.22;66.58;0.61;0.0;0;1.83;0.0;0;1.83;1.83;0.0;1.83;0.0;0.0;0;186.93;1.83
2012;Zamora;0;0;41;0;0;0;;0;1;1;1;15;0;;;0;0;2;0;0;1;4;3347;0;1;4;5;2;0;0;0;6;0;3;1;0;0;0;5;6;0;0;0;1;80;0;0;0;0;0;0;0;31;0;0;0;2;0;0;0;0;0;33;0;0;0;404;7;0.0;0.0;21.4;0.0;0.0;0;;0;0.52;0.52;0.52;7.83;0.0;;;0.0;0;1.04;0.0;0.0;0.52;2.09;1746.0;0.0;0.52;2.09;2.61;562.07;1.04;0.0;0;0.0;3.13;0.0;1.57;0.52;0.0;0.0;0.0;2.61;3.13;0.0;0.0;0.0;0.52;41.75;0.0;0;0;0;0;0;0.0;16.18;0.0;0.0;0;1.04;0.0;0;0.0;0.0;0.0;17.22;0.0;0.0;0;210.84;3.65
2011;Ávila;0;2;14;0;0;0;;0;0;0;0;11;2;;;0;0;2;1;0;0;1;1666;0;3;3;2;5;0;;0;1;;1;0;0;0;0;3;4;0;0;0;0;15;1;0;0;0;0;0;;34;7;1;0;4;0;0;5;2;0;18;0;0;0;204;0;0.0;1.16;8.11;0.0;0.0;0;;0;0.0;0.0;0.0;6.37;1.16;;;0.0;0;1.16;0.58;0.0;0.0;0.58;964.66;0.0;1.74;1.74;1.16;;2.9;0.0;;0.0;0.58;;0.58;0.0;0.0;0.0;0.0;1.74;2.32;0.0;0.0;0.0;0.0;8.69;0.58;0;0;0;0;0;;19.69;4.05;0.58;0;2.32;0.0;0;2.9;1.16;0.0;10.42;0.0;0.0;0;118.12;0.0
2011;León;1;0;47;0;1;0;;0;0;0;0;8;1;;;2;0;0;0;0;0;14;9292;15;2;2;2;2;1;;0;5;;3;0;0;0;1;6;18;2;1;0;1;25;0;0;0;0;0;0;;36;0;0;0;12;0;0;2;5;0;96;1;0;0;783;6;0.2;0.0;9.44;0.0;0.2;0;;0;0.0;0.0;0.0;1.61;0.2;;;0.4;0;0.0;0.0;0.0;0.0;2.81;1866.0;3.01;0.4;0.4;0.4;;0.4;0.2;;0.0;1.0;;0.6;0.0;0.0;0.0;0.2;1.21;3.62;0.4;0.2;0.0;0.2;5.02;0.0;0;0;0;0;0;;7.23;0.0;0.0;0;2.41;0.0;0;0.4;1.0;0.0;19.28;0.2;0.0;0;157.29;1.21
2011;Valladolid;1;0;117;0;3;0;;0;1;0;0;18;3;;;8;0;5;0;0;1;20;5199;19;10;31;19;5;3;;0;7;;5;0;1;0;5;8;45;3;5;1;0;66;1;0;0;0;0;0;;119;0;2;0;21;0;0;1;2;0;51;0;0;0;848;8;0.19;0.0;21.87;0.0;0.56;0;;0;0.19;0.0;0.0;3.37;0.56;;;1.5;0;0.93;0.0;0.0;0.19;3.74;972.0;3.55;1.87;5.8;3.55;;0.93;0.56;;0.0;1.31;;0.93;0.0;0.19;0.0;0.93;1.5;8.41;0.56;0.93;0.19;0.0;12.34;0.19;0;0;0;0;0;;22.25;0.0;0.37;0;3.93;0.0;0;0.19;0.37;0.0;9.53;0.0;0.0;0;158.54;1.5
2010;Ávila;0;3;16;0;0;0;;0;1;0;0;18;1;;;0;0;1;0;0;0;14;601;0;1;7;3;11;0;0;2;6;0;1;0;0;0;4;2;8;0;0;0;0;9;0;0;0;0;0;0;2;29;1;0;0;6;0;0;0;2;3;20;0;0;0;149;0;0.0;1.75;9.31;0.0;0.0;0;;0;0.58;0.0;0.0;10.47;0.58;;;0.0;0;0.58;0.0;0.0;0.0;8.14;349.63;0.0;0.58;4.07;1.75;;6.4;0.0;0;1.16;3.49;0.0;0.58;0.0;0.0;0.0;2.33;1.16;4.65;0.0;0.0;0.0;0.0;5.24;0.0;0;0;0;0;0;1.16;16.87;0.58;0.0;0;3.49;0.0;0;0.0;1.16;1.75;11.63;0.0;0.0;0;86.68;0.0
2010;Palencia;0;0;30;0;0;0;;0;0;1;0;8;0;;;1;0;1;1;0;1;8;961;0;4;1;0;4;0;0;0;6;0;0;0;0;0;1;2;8;1;0;0;1;14;0;0;0;0;0;0;0;33;0;0;0;2;0;0;1;1;0;31;1;0;0;398;2;0.0;0.0;17.39;0.0;0.0;0;;0;0.0;0.58;0.0;4.64;0.0;;;0.58;0;0.58;0.58;0.0;0.58;4.64;557.07;0.0;2.32;0.58;0.0;;2.32;0.0;0;0.0;3.48;0.0;0.0;0.0;0.0;0.0;0.58;1.16;4.64;0.58;0.0;0.0;0.58;8.12;0.0;0;0;0;0;0;0.0;19.13;0.0;0.0;0;1.16;0.0;0;0.58;0.58;0.0;17.97;0.58;0.0;0;230.71;1.16
2010;Salamanca;0;2;6;0;0;0;;0;1;0;0;22;5;;;1;0;1;0;0;0;10;1448;0;5;2;0;7;0;0;0;3;4;5;1;0;0;2;5;25;0;0;0;1;43;0;0;0;0;0;0;0;20;0;0;0;11;0;0;1;0;0;45;1;1;0;382;0;0.0;0.57;1.7;0.0;0.0;0;;0;0.28;0.0;0.0;6.22;1.41;;;0.28;0;0.28;0.0;0.0;0.0;2.83;409.0;0.0;1.41;0.57;0.0;;1.98;0.0;0;0.0;0.85;1.13;1.41;0.28;0.0;0.0;0.57;1.41;7.07;0.0;0.0;0.0;0.28;12.16;0.0;0;0;0;0;0;0.0;5.66;0.0;0.0;0;3.11;0.0;0;0.28;0.0;0.0;12.73;0.28;0.28;0;108.03;0.0
2010;Segovia;0;2;49;0;0;0;;0;1;1;3;10;2;;;2;0;1;0;0;0;14;1145;0;3;9;1;1;0;0;0;6;0;1;0;0;0;0;2;6;17;0;0;2;52;0;0;0;0;0;0;0;77;3;0;0;1;0;0;1;0;0;14;0;0;0;382;3;0.0;1.22;29.83;0.0;0.0;0;;0;0.61;0.61;1.83;6.09;1.22;;;1.22;0;0.61;0.0;0.0;0.0;8.52;697.0;0.0;1.83;5.48;0.61;;0.61;0.0;0;0.0;3.65;0.0;0.61;0.0;0.0;0.0;0.0;1.22;3.65;10.35;0.0;0.0;1.22;31.66;0.0;0;0;0;0;0;0.0;46.87;1.83;0.0;0;0.61;0.0;0;0.61;0.0;0.0;8.52;0.0;0.0;0;232.55;1.83
2010;Valladolid;0;0;85;0;5;0;;0;1;1;0;36;3;;;0;0;1;0;0;2;15;1856;4;3;33;23;4;0;0;2;4;7;3;0;0;0;3;4;39;0;3;2;2;45;0;0;0;0;0;0;0;95;0;3;0;31;0;0;3;1;0;114;0;0;0;571;5;0.0;0.0;15.93;0.0;0.94;0;;0;0.19;0.19;0.0;6.75;0.56;;;0.0;0;0.19;0.0;0.0;0.37;2.81;348.0;0.75;0.56;6.18;4.31;;0.75;0.0;0;0.37;0.75;1.31;0.56;0.0;0.0;0.0;0.56;0.75;7.31;0.0;0.56;0.37;0.37;8.43;0.0;0;0;0;0;0;0.0;17.8;0.0;0.56;0;5.81;0.0;0;0.56;0.19;0.0;21.36;0.0;0.0;0;107.0;0.94
2009;Ávila;0;3;10;0;0;0;;0;0;0;0;7;1;;;0;0;1;0;0;1;8;3351;;9;7;3;12;0;;0;5;;2;0;0;0;0;10;;3;0;0;1;16;1;0;0;0;0;0;;37;0;0;0;3;0;0;0;2;1;19;0;0;0;515;0;0.0;1.75;5.82;0.0;0.0;0;;0;0.0;0.0;0.0;4.08;0.58;;;0.0;0;0.58;0.0;0.0;0.58;4.66;1951.89;;5.24;4.08;1.75;;6.99;0.0;;2.91;0.0;;1.16;0.0;0.0;0.0;0.0;5.82;;1.75;0.0;0.0;0.58;9.32;0.58;0;0;0;0;0;;21.55;0.0;0.0;0;1.75;0.0;0;0.0;1.16;0.58;11.07;0.0;0.0;0;299.98;0.0
2009;Burgos;0;1;44;1;0;0;;0;0;2;0;28;6;;;0;0;0;0;0;0;19;9048;;7;13;3;5;0;;1;5;;5;1;1;0;2;11;;0;3;0;2;31;0;0;0;0;0;0;;47;0;0;0;4;0;0;0;1;5;45;2;0;0;1009;3;0.0;0.27;11.72;0.27;0.0;0;;0;0.0;0.53;0.0;7.46;1.6;;;0.0;0;0.0;0.0;0.0;0.0;5.06;2409.18;;1.86;3.46;0.8;;1.33;0.0;;1.33;0.27;;1.33;0.27;0.27;0.0;0.53;2.93;;0.0;0.8;0.0;0.53;8.25;0.0;0;0;0;0;0;;12.51;0.0;0.0;0;1.07;0.0;0;0.0;0.27;1.33;11.98;0.53;0.0;0;268.66;0.8
2009;Soria;0;0;68;0;0;0;;0;0;0;0;12;0;;;0;0;2;0;0;0;5;1659;;3;3;1;1;0;;1;0;;4;0;0;0;2;1;;29;0;0;0;7;0;0;0;0;0;0;;52;0;0;0;7;0;0;1;6;0;10;2;0;0;153;2;0.0;0.0;71.5;0.0;0.0;0;;0;0.0;0.0;0.0;12.62;0.0;;;0.0;0;2.1;0.0;0.0;0.0;5.26;1744.46;;3.15;3.15;1.05;;1.05;0.0;;0.0;1.05;;4.21;0.0;0.0;0.0;2.1;1.05;;30.49;0.0;0.0;0.0;7.36;0.0;0;0;0;0;0;;54.68;0.0;0.0;0;7.36;0.0;0;1.05;6.31;0.0;10.52;2.1;0.0;0;160.88;2.1
2008;Burgos;0;7;54;1;0;0;;0;0;5;0;26;7;;;1;0;0;0;0;0;11;8014;;20;5;18;2;0;;0;19;;15;0;0;0;0;14;;3;4;0;1;33;;0;0;0;0;0;;79;0;3;;7;0;0;3;3;0;50;17;1;0;1037;2;0.0;1.87;14.45;0.27;0.0;0;;0;0.0;1.34;0.0;6.96;1.87;;;0.27;0;0.0;0.0;0.0;0.0;2.94;2144.66;;5.35;1.34;4.82;;0.54;0.0;;0.0;5.08;;4.01;0.0;0.0;0.0;0.0;3.75;;0.8;1.07;0.0;0.27;8.83;;0;0;0;0;0;;21.14;0.0;0.8;;1.87;0.0;0;0.8;0.8;0.0;13.38;4.55;0.27;0;277.52;0.54
2008;Salamanca;1;3;14;0;0;0;;0;2;0;0;12;4;;;2;0;2;0;0;1;5;5414;;11;6;6;11;0;;1;4;;3;0;0;0;0;2;;4;1;0;0;29;;0;0;0;0;0;;32;0;0;;7;0;0;2;1;0;50;10;0;0;460;0;0.28;0.85;3.96;0.0;0.0;0;;0;0.57;0.0;0.0;3.4;1.13;;;0.57;0;0.57;0.0;0.0;0.28;1.41;1531.96;;3.11;1.7;1.7;;3.11;0.0;;0.28;1.13;;0.85;0.0;0.0;0.0;0.0;0.57;;1.13;0.28;0.0;0.0;8.21;;0;0;0;0;0;;9.05;0.0;0.0;;1.98;0.0;0;0.57;0.28;0.0;14.15;2.83;0.0;0;130.16;0.0
2008;Valladolid;0;1;41;0;0;0;;0;2;0;0;13;2;;;5;0;3;1;1;2;19;5960;;5;45;39;4;0;;0;10;;2;0;2;0;1;14;;2;9;2;0;47;;0;0;0;0;0;;54;1;6;;24;0;0;5;7;0;55;31;0;0;778;3;0.0;0.19;7.75;0.0;0.0;0;;0;0.38;0.0;0.0;2.46;0.38;;;0.95;0;0.57;0.19;0.19;0.38;3.59;1126.61;;0.95;8.51;7.37;;0.76;0.0;;0.0;1.89;;0.38;0.0;0.38;0.0;0.19;2.65;;0.38;1.7;0.38;0.0;8.88;;0;0;0;0;0;;10.21;0.19;1.13;;4.54;0.0;0;0.95;1.32;0.0;10.4;5.86;0.0;0;147.06;0.57
2018;Burgos;0;0;168;0;0;0;0;0;2;3;5;31;2;0;0;0;0;0;0;0;1;17;6393;309;30;9;7;1;0;11;17;0;0;10;0;1;0;3;6;23;1;0;3;3;114;0;0;0;0;0;0;;80;0;0;0;16;0;0;2;0;0;24;0;0;0;226;10;0.0;0.0;46.9;0.0;0.0;0;0.0;0;0.56;0.84;1.4;8.66;0.56;0.0;0.0;0.0;0;0.0;0.0;0.0;0.28;4.75;1784.0;86.3;8.38;2.51;1.95;;0.28;0.0;0;3.07;4.75;0.0;2.79;0.0;0.28;0.0;0.84;1.68;6.42;0.28;0.0;0.84;0.84;31.8;0.0;0;0;0;0;0;;22.3;0.0;0.0;0;4.47;0.0;0;0.56;0.0;0.0;6.7;0.0;0.0;0;63.1;2.79
2018;Palencia;0;0;195;1;2;0;0;0;1;1;4;13;1;0;0;3;0;0;0;0;0;14;3206;6;5;1;8;4;0;1;10;0;0;1;0;0;0;0;1;5;1;0;1;1;55;0;0;0;0;0;0;;76;0;0;0;4;0;0;4;2;0;20;2;0;0;135;8;0.0;0.0;119.4;0.61;1.22;0;0.0;0;0.61;0.61;2.45;7.96;0.61;0.0;0.0;1.84;0;0.0;0.0;0.0;0.0;8.57;1962.0;3.67;3.06;0.61;4.9;;2.45;0.0;0;0.61;6.12;0.0;0.61;0.0;0.0;0.0;0.0;0.61;3.06;0.61;0.0;0.61;0.61;33.66;0.0;0;0;0;0;0;;46.51;0.0;0.0;0;2.45;0.0;0;2.45;1.22;0.0;12.24;1.22;0.0;0;82.62;4.9
2018;Salamanca;1;0;139;0;10;0;0;0;1;1;0;32;4;0;0;0;0;3;0;0;0;33;6271;0;3;3;14;6;0;20;21;0;0;9;1;0;0;9;13;20;9;1;0;2;113;0;0;0;0;0;0;;114;0;0;0;17;0;0;3;0;0;18;1;0;0;103;21;0.3;0.0;41.7;0.0;3.0;0;0.0;0;0.3;0.3;0.0;9.59;1.2;0.0;0.0;0.0;0;0.9;0.0;0.0;0.0;9.89;1879.0;0.0;0.9;0.9;4.2;;1.8;0.0;0;6.0;6.29;0.0;2.7;0.3;0.0;0.0;2.7;3.9;6.0;2.7;0.3;0.0;0.6;33.9;0.0;0;0;0;0;0;;34.2;0.0;0.0;0;5.1;0.0;0;0.9;0.0;0.0;5.4;0.3;0.0;0;30.9;6.29
2018;Zamora;4;1;45;0;0;0;0;0;0;0;1;17;1;0;0;1;0;1;0;0;0;4;2738;0;7;1;9;2;0;0;7;0;0;3;0;0;0;1;3;4;6;1;0;0;3;0;0;0;0;0;0;;46;0;2;0;2;0;0;0;3;0;27;2;0;0;43;3;2.25;0.56;25.4;0.0;0.0;0;0.0;0;0.0;0.0;0.56;9.58;0.56;0.0;0.0;0.56;0;0.56;0.0;0.0;0.0;2.25;1543.0;0.0;3.95;0.56;5.07;;1.13;0.0;0;0.0;3.95;0.0;1.69;0.0;0.0;0.0;0.56;1.69;2.25;3.38;0.56;0.0;0.0;1.69;0.0;0;0;0;0;0;;25.9;0.0;1.13;0;1.13;0.0;0;0.0;1.69;0.0;15.2;1.13;0.0;0;24.2;1.69
2017;León;0;2;95;0;0;0;0;0;1;0;1;45;0;0;0;5;0;1;0;0;0;15;3949;0;17;3;6;3;6;0;2;9;0;12;2;0;0;2;9;13;1;4;0;0;114;0;0;0;0;0;0;0;75;0;3;0;17;0;0;20;2;0;76;1;0;0;279;5;0.0;0.43;20.29;0.0;0.0;0;0.0;0;0.21;0.0;0.21;9.61;0.0;0.0;0.0;1.07;0;0.21;0.0;0.0;0.0;3.2;843.23;0.0;3.63;0.64;1.28;576.39;0.64;1.28;0;0.43;1.92;0.0;2.56;0.43;0.0;0.0;0.43;1.92;2.78;0.21;0.85;0.0;0.0;24.34;0.0;0;0;0;0;0;0.0;16.01;0.0;0.64;0;3.63;0.0;0;4.27;0.43;0.0;16.23;0.21;0.0;0;59.58;1.07
2017;Palencia;0;0;63;0;0;0;0;0;0;0;0;9;1;0;0;1;0;1;0;0;1;8;2697;0;15;0;11;4;0;0;1;3;0;1;1;0;0;3;2;5;0;0;0;2;46;0;0;0;0;0;0;0;49;0;0;0;6;0;0;3;0;0;8;5;0;0;58;3;0.0;0.0;38.56;0.0;0.0;0;0.0;0;0.0;0.0;0.0;5.51;0.91;0.0;0.0;0.61;0;0.61;0.0;0.0;0.61;4.9;1650.0;0.0;9.18;0.0;6.73;561.91;2.45;0.0;0;0.61;1.84;0.0;0.61;0.61;0.0;0.0;1.84;1.22;3.06;0.0;0.0;0.0;1.22;28.15;0.0;0;0;0;0;0;0.0;29.99;0.0;0.0;0;3.67;0.0;0;1.84;0.0;0.0;4.9;3.06;0.0;0;35.5;1.84
2016;Ávila;0;0;31;0;0;0;1;0;0;1;0;4;0;0;3;1;0;1;0;0;0;6;2287;3;0;13;3;1;0;0;1;6;0;1;1;0;0;1;2;7;0;1;2;2;107;0;0;0;0;0;0;1;107;0;0;0;2;0;0;11;1;0;20;0;0;0;304;3;0.0;0.0;18.53;0.0;0.0;0;0.6;0;0.0;0.6;0.0;2.39;0.0;0.0;1.79;0.6;0;0.6;0.0;0.0;0.0;3.59;1366.0;1.79;0.0;7.77;1.79;613.36;0.6;0.0;0;0.6;3.59;0.0;0.6;0.6;0.0;0.0;0.6;1.2;4.18;0.0;0.6;1.2;1.2;63.94;0.0;0;0;0;0;0;0.6;63.94;0.0;0.0;0;1.2;0.0;0;6.57;0.6;0.0;11.95;0.0;0.0;0;181.7;1.79
2016;Soria;0;0;50;0;0;0;0;0;1;0;3;8;1;0;1;0;0;3;0;0;0;5;1041;0;5;1;1;0;0;0;0;2;0;2;0;0;0;1;2;6;8;2;0;1;6;0;0;0;0;0;0;0;77;0;5;0;3;0;0;6;7;0;5;1;0;0;337;3;0.0;0.0;53.98;0.0;0.0;0;0.0;0;1.08;0.0;3.24;8.64;1.08;0.0;1.08;0.0;0;3.24;0.0;0.0;0.0;5.4;1123.0;0.0;5.4;1.08;1.08;582.46;0.0;0.0;0;0.0;2.16;0.0;2.16;0.0;0.0;0.0;1.08;2.16;6.48;8.64;2.16;0.0;1.08;6.48;0.0;0;0;0;0;0;0.0;83.13;0.0;5.4;0;3.24;0.0;0;6.48;7.56;0.0;5.4;1.08;0.0;0;363.8;3.24
2015;Ávila;0;1;26;0;2;0;1;0;2;0;2;9;0;0;0;1;0;2;0;0;0;11;3915;0;0;11;6;4;0;0;0;3;0;6;0;0;0;1;9;3;0;1;0;2;7;0;0;0;0;0;0;;60;0;0;0;5;0;0;5;3;2;16;0;0;0;402;1;0.0;0.6;15.54;0.0;1.2;0;0.6;0;1.2;0.0;1.2;5.38;0.0;0.0;0.0;0.6;0;1.2;0.0;0.0;0.0;6.57;2339.0;0.0;0.0;6.57;3.59;556.89;2.39;0.0;0;0.0;1.79;0.0;3.59;0.0;0.0;0.0;0.6;5.38;1.79;0.0;0.6;0.0;1.2;4.18;0.0;0;0;0;0;0;;35.86;0.0;0.0;0;2.99;0.0;0;2.99;1.79;1.2;9.56;0.0;0.0;0;240.24;0.6
2015;Burgos;0;0;126;0;0;0;3;0;1;1;3;29;1;2;0;1;0;0;0;0;0;10;6737;0;1;4;10;0;0;0;3;12;0;7;0;0;0;3;7;13;2;1;4;5;29;0;0;0;0;0;0;;90;0;0;0;9;0;0;33;0;0;27;3;0;0;1259;4;0.0;0.0;34.49;0.0;0.0;0;0.82;0;0.27;0.27;0.82;7.94;0.27;0.55;0.0;0.27;0;0.0;0.0;0.0;0.0;2.74;1844.0;0.0;0.27;1.1;2.74;536.77;0.0;0.0;0;0.82;3.29;0.0;1.92;0.0;0.0;0.0;0.82;1.92;3.56;0.55;0.27;1.1;1.37;7.94;0.0;0;0;0;0;0;;24.64;0.0;0.0;0;2.46;0.0;0;9.03;0.0;0.0;7.39;0.82;0.0;0;344.65;1.1
2014;Ávila;0;2;31;0;0;0;0;0;1;0;0;12;1;2;;1;0;1;0;0;0;10;2131;0;1;9;11;6;0;0;0;2;0;2;1;0;0;1;1;4;2;0;0;0;22;0;0;0;0;0;0;1;46;0;0;0;4;0;0;4;5;0;19;0;0;0;546;2;0.0;1.18;18.29;0.0;0.0;0;0.0;0;0.59;0.0;0.0;7.08;0.59;1.18;;0.59;0;0.59;0.0;0.0;0.0;5.9;1257.0;0.0;0.59;5.31;6.49;594.63;3.54;0.0;0;0.0;1.18;0.0;1.18;0.59;0.0;0.0;0.59;0.59;2.36;1.18;0.0;0.0;0.0;12.98;0.0;0;0;0;0;0;0.59;27.15;0.0;0.0;0;2.36;0.0;0;2.36;2.95;0.0;11.21;0.0;0.0;0;322.2;1.18
2014;Palencia;2;0;51;0;0;0;0;0;0;1;0;5;2;0;;0;0;0;0;0;0;7;2937;0;2;1;2;2;3;0;0;4;0;2;0;0;0;2;2;8;0;1;0;0;46;0;0;0;0;0;0;0;49;0;0;0;0;0;0;11;1;0;19;67;0;0;473;5;1.19;0.0;30.22;0.0;0.0;0;0.0;0;0.0;0.59;0.0;2.96;1.19;0.0;;0.0;0;0.0;0.0;0.0;0.0;4.15;1740.0;0.0;1.19;0.59;1.19;529.58;1.19;1.78;0;0.0;2.37;0.0;1.19;0.0;0.0;0.0;1.19;1.19;4.74;0.0;0.59;0.0;0.0;27.26;0.0;0;0;0;0;0;0.0;29.04;0.0;0.0;0;0.0;0.0;0;6.52;0.59;0.0;11.26;39.7;0.0;0;280.3;2.96
2014;Segovia;0;0;92;0;0;0;0;0;0;0;2;10;0;0;;0;0;0;0;0;1;18;2484;0;1;0;2;3;0;0;0;6;0;1;0;0;0;1;2;4;22;0;0;4;9;0;0;0;0;0;0;0;86;0;0;0;6;0;0;0;0;0;4;0;0;0;554;2;0.0;0.0;57.01;0.0;0.0;0;0.0;0;0.0;0.0;1.24;6.2;0.0;0.0;;0.0;0;0.0;0.0;0.0;0.62;11.15;1539.0;0.0;0.62;0.0;1.24;526.62;1.86;0.0;0;0.0;3.72;0.0;0.62;0.0;0.0;0.0;0.62;1.24;2.48;13.63;0.0;0.0;2.48;5.58;0.0;0;0;0;0;0;0.0;53.29;0.0;0.0;0;3.72;0.0;0;0.0;0.0;0.0;2.48;0.0;0.0;0;343.3;1.24
2014;Zamora;0;1;70;0;0;0;0;0;1;1;2;7;0;0;;0;0;2;0;0;1;5;3093;0;0;3;15;4;0;0;1;7;0;1;0;0;0;2;1;10;2;0;0;0;19;0;0;0;0;0;0;0;54;0;1;0;1;0;0;2;2;0;32;7;1;0;104;2;0.0;0.53;37.03;0.0;0.0;0;0.0;0;0.53;0.53;1.06;3.7;0.0;0.0;;0.0;0;1.06;0.0;0.0;0.53;2.64;1636.0;0.0;0.0;1.59;7.93;620.17;2.12;0.0;0;0.53;3.7;0.0;0.53;0.0;0.0;0.0;1.06;0.53;5.29;1.06;0.0;0.0;0.0;10.05;0.0;0;0;0;0;0;0.0;28.57;0.0;0.53;0;0.53;0.0;0;1.06;1.06;0.0;16.93;3.7;0.53;0;55.01;1.06
2013;Ávila;0;0;31;0;0;0;0;0;0;1;0;11;1;;;0;0;3;0;0;0;17;1815;0;1;7;5;4;0;0;0;1;0;1;0;0;0;1;5;4;1;2;0;1;130;0;0;0;0;0;0;3;53;0;0;0;4;0;0;7;1;0;20;0;0;0;267;0;0.0;0.0;18.29;0.0;0.0;0;0.0;0;0.0;0.59;0.0;6.49;0.59;;;0.0;0;1.77;0.0;0.0;0.0;10.03;1071.0;0.0;0.59;4.13;2.95;576.93;2.36;0.0;0;0.0;0.59;0.0;0.59;0.0;0.0;0.0;0.59;2.95;2.36;0.59;1.18;0.0;0.59;76.72;0.0;0;0;0;0;0;1.77;31.28;0.0;0.0;0;2.36;0.0;0;4.13;0.59;0.0;11.8;0.0;0.0;0;157.56;0.0
2013;Salamanca;5;1;92;0;7;0;0;0;2;1;2;15;2;;;0;0;3;0;0;0;54;3717;0;10;6;4;19;0;0;0;22;0;2;1;1;0;7;10;21;4;0;0;0;294;0;0;0;0;0;0;0;101;0;1;0;16;0;0;5;0;0;34;0;0;0;329;10;1.44;0.29;26.49;0.0;2.02;0;0.0;0;0.58;0.29;0.58;4.32;0.58;;;0.0;0;0.86;0.0;0.0;0.0;15.55;1070.0;0.0;2.88;1.73;1.15;522.36;5.47;0.0;0;0.0;6.34;0.0;0.58;0.29;0.29;0.0;2.02;2.88;6.05;1.15;0.0;0.0;0.0;84.67;0.0;0;0;0;0;0;0.0;29.09;0.0;0.29;0;4.61;0.0;0;1.44;0.0;0.0;9.79;0.0;0.0;0;94.74;2.88
2013;Soria;0;0;54;0;0;0;0;0;0;0;1;5;0;;;0;0;1;0;0;0;3;481;0;0;1;2;2;0;0;0;4;0;0;0;0;0;0;0;5;13;0;0;5;13;0;0;0;0;0;0;1;57;0;0;0;3;0;0;0;1;0;11;0;0;0;360;6;0.0;0.0;57.71;0.0;0.0;0;0.0;0;0.0;0.0;1.07;5.34;0.0;;;0.0;0;1.07;0.0;0.0;0.0;3.21;514.03;0.0;0.0;1.07;2.14;496.3;2.14;0.0;0;0.0;4.27;0.0;0.0;0.0;0.0;0.0;0.0;0.0;5.34;13.89;0.0;0.0;5.34;13.89;0.0;0;0;0;0;0;1.07;60.91;0.0;0.0;0;3.21;0.0;0;0.0;1.07;0.0;11.76;0.0;0.0;0;384.72;6.41
2013;Zamora;0;0;48;0;0;0;0;0;1;1;0;3;1;;;0;0;1;0;0;0;7;3553;0;1;5;12;3;0;0;0;4;0;4;0;0;0;1;5;4;2;0;0;0;106;0;0;0;0;0;0;0;37;0;2;0;5;0;0;4;1;0;30;0;1;0;132;1;0.0;0.0;25.39;0.0;0.0;0;0.0;0;0.53;0.53;0.0;1.59;0.53;;;0.0;0;0.53;0.0;0.0;0.0;3.7;1879.0;0.0;0.53;2.64;6.35;611.89;1.59;0.0;0;0.0;2.12;0.0;2.12;0.0;0.0;0.0;0.53;2.64;2.12;1.06;0.0;0.0;0.0;56.07;0.0;0;0;0;0;0;0.0;19.57;0.0;1.06;0;2.64;0.0;0;2.12;0.53;0.0;15.87;0.0;0.53;0;69.83;0.53
2012;Burgos;0;0;50;0;0;0;;0;0;2;1;12;1;;;0;0;0;0;0;0;21;4719;1;3;5;10;4;0;0;3;3;0;0;0;0;0;0;19;17;0;1;0;3;73;0;0;0;0;0;0;0;69;1;3;0;11;0;0;3;2;0;48;1;0;0;1063;0;0.0;0.0;13.33;0.0;0.0;0;;0;0.0;0.53;0.27;3.2;0.27;;;0.0;0;0.0;0.0;0.0;0.0;5.6;1258.0;0.27;0.8;1.33;2.67;538.98;1.07;0.0;0;0.8;0.8;0.0;0.0;0.0;0.0;0.0;0.0;5.07;4.53;0.0;0.27;0.0;0.8;19.47;0.0;0;0;0;0;0;0.0;18.4;0.27;0.8;0;2.93;0.0;0;0.8;0.53;0.0;12.8;0.27;0.0;0;283.49;0.0
2012;Valladolid;0;1;103;0;4;0;;0;2;0;0;28;2;;;2;0;1;0;0;0;16;7154;45;1;19;20;2;2;0;0;12;0;6;1;0;0;2;40;46;2;3;4;1;360;0;0;0;0;0;0;0;156;0;4;0;24;1;0;4;2;0;69;0;0;0;880;7;0.0;0.19;19.28;0.0;0.75;0;;0;0.37;0.0;0.0;5.24;0.37;;;0.37;0;0.19;0.0;0.0;0.0;2.99;1339.0;8.42;0.19;3.56;3.74;501.8;0.37;0.37;0;0.0;2.25;0.0;1.12;0.19;0.0;0.0;0.37;7.49;8.61;0.37;0.56;0.75;0.19;67.38;0.0;0;0;0;0;0;0.0;29.2;0.0;0.75;0;4.49;0.19;0;0.75;0.37;0.0;12.91;0.0;0.0;0;164.71;1.31
2011;Palencia;0;0;40;0;0;0;;0;1;1;0;3;4;;;1;0;2;0;0;0;6;2970;0;0;1;0;4;1;;0;5;;2;1;0;0;0;1;11;0;3;1;0;31;0;0;0;0;0;0;;20;0;1;0;3;0;0;11;2;1;20;0;0;0;527;2;0.0;0.0;23.3;0.0;0.0;0;;0;0.58;0.58;0.0;1.75;2.33;;;0.58;0;1.17;0.0;0.0;0.0;3.5;1730.0;0.0;0.0;0.58;0.0;;2.33;0.58;;0.0;2.91;;1.17;0.58;0.0;0.0;0.0;0.58;6.41;0.0;1.75;0.58;0.0;18.06;0.0;0;0;0;0;0;;11.65;0.0;0.58;0;1.75;0.0;0;6.41;1.17;0.58;11.65;0.0;0.0;0;306.99;1.17
2011;Salamanca;1;1;51;0;1;0;;0;1;0;2;26;8;;;1;0;0;0;0;0;17;2872;4;3;5;3;15;1;;0;5;;2;0;0;0;1;15;32;5;3;0;2;188;1;0;0;0;0;0;;48;1;1;0;5;0;0;29;0;1;34;0;0;0;361;8;0.28;0.28;14.45;0.0;0.28;0;;0;0.28;0.0;0.57;7.37;2.27;;;0.28;0;0.0;0.0;0.0;0.0;4.82;813.63;1.13;0.85;1.42;0.85;;4.25;0.28;;0.0;1.42;;0.57;0.0;0.0;0.0;0.28;4.25;9.07;1.42;0.85;0.0;0.57;53.26;0.28;0;0;0;0;0;;13.6;0.28;0.28;0;1.42;0.0;0;8.22;0.0;0.28;9.63;0.0;0.0;0;102.27;2.27
2011;Segovia;0;0;55;0;0;0;;0;2;0;1;12;1;;;0;0;0;0;0;0;10;3051;0;2;4;0;1;0;;0;5;;0;0;0;0;2;0;5;17;0;0;0;18;0;0;0;0;0;0;;61;1;0;0;2;0;0;1;1;0;8;0;1;0;225;3;0.0;0.0;33.5;0.0;0.0;0;;0;1.22;0.0;0.61;7.31;0.61;;;0.0;0;0.0;0.0;0.0;0.0;6.09;1858.0;0.0;1.22;2.44;0.0;;0.61;0.0;;0.0;3.05;;0.0;0.0;0.0;0.0;1.22;0.0;3.04;10.36;0.0;0.0;0.0;10.96;0.0;0;0;0;0;0;;37.16;0.61;0.0;0;1.22;0.0;0;0.61;0.61;0.0;4.87;0.0;0.61;0;137.05;1.83
2011;Soria;0;0;35;0;0;0;;0;0;0;0;9;0;;;0;0;2;0;0;0;7;652;0;0;1;1;1;0;;0;3;;2;0;0;0;1;0;4;16;0;0;2;5;0;0;0;0;0;0;;33;0;1;0;1;0;0;4;4;0;11;0;0;0;207;4;0.0;0.0;36.76;0.0;0.0;0;;0;0.0;0.0;0.0;9.45;0.0;;;0.0;0;2.1;0.0;0.0;0.0;7.35;684.71;0.0;0.0;1.05;1.05;;1.05;0.0;;0.0;3.15;;2.1;0.0;0.0;0.0;1.05;0.0;4.2;16.8;0.0;0.0;2.1;5.25;0.0;0;0;0;0;0;;34.66;0.0;1.05;0;1.05;0.0;0;4.2;4.2;0.0;11.55;0.0;0.0;0;217.38;4.2
2010;Burgos;0;0;49;1;0;0;;0;0;1;0;32;4;;;0;0;1;0;0;0;9;1819;19;4;8;1;4;0;0;1;13;0;5;1;1;0;4;5;14;0;1;0;1;27;0;0;0;0;0;0;0;50;0;1;0;9;0;0;3;6;0;51;0;0;0;784;1;0.0;0.0;13.07;0.27;0.0;0;;0;0.0;0.27;0.0;8.54;1.07;;;0.0;0;0.27;0.0;0.0;0.0;2.4;485.0;5.07;1.07;2.13;0.27;;1.07;0.0;0;0.27;3.47;0.0;1.33;0.27;0.27;0.0;1.07;1.33;3.74;0.0;0.27;0.0;0.27;7.2;0.0;0;0;0;0;0;0.0;13.34;0.0;0.27;0;2.4;0.0;0;0.8;1.6;0.0;13.61;0.0;0.0;0;209.16;0.27
2010;Zamora;0;1;18;0;0;0;;0;0;0;0;14;2;;;0;0;2;0;0;0;5;1339;0;1;1;1;5;0;0;0;3;0;8;0;1;0;1;6;6;0;1;0;0;23;0;0;0;0;0;0;0;29;0;0;0;3;0;0;1;0;0;33;1;0;0;349;2;0.0;0.51;9.27;0.0;0.0;0;;0;0.0;0.0;0.0;7.21;1.03;;;0.0;0;1.03;0.0;0.0;0.0;2.57;689.0;0.0;0.51;0.51;0.51;;2.57;0.0;0;0.0;1.54;0.0;4.12;0.0;0.51;0.0;0.51;3.09;3.09;0.0;0.51;0.0;0.0;11.84;0.0;0;0;0;0;0;0.0;14.93;0.0;0.0;0;1.54;0.0;0;0.51;0.0;0.0;16.99;0.51;0.0;0;179.7;1.03
2009;Palencia;0;0;31;0;0;0;;0;1;0;0;9;2;;;4;0;0;0;0;0;1;4013;;1;3;0;2;0;;0;11;;1;0;0;0;5;3;;9;1;2;0;6;0;0;0;0;0;0;;38;0;0;0;0;0;0;1;5;0;35;3;0;0;568;0;0.0;0.0;17.89;0.0;0.0;0;;0;0.58;0.0;0.0;5.19;1.15;;;2.31;0;0.0;0.0;0.0;0.0;0.58;2315.56;;0.58;1.73;0.0;;1.15;0.0;;6.35;0.0;;0.58;0.0;0.0;0.0;2.89;1.73;;5.19;0.58;1.15;0.0;3.46;0.0;0;0;0;0;0;;21.93;0.0;0.0;0;0.0;0.0;0;0.58;2.89;0.0;20.2;1.73;0.0;0;327.74;0.0
2009;Salamanca;2;2;11;0;0;0;;0;1;0;0;32;3;;;0;0;0;0;0;0;4;7444;;20;4;4;5;0;;0;5;;10;0;1;0;0;3;;3;0;0;7;21;0;0;0;0;0;0;;25;0;0;0;11;0;0;1;4;0;46;2;0;0;308;0;0.56;0.56;3.1;0.0;0.0;0;;0;0.28;0.0;0.0;9.02;0.85;;;0.0;0;0.0;0.0;0.0;0.0;1.13;2099.22;;5.64;1.13;1.13;;1.41;0.0;;1.41;0.0;;2.82;0.0;0.28;0.0;0.0;0.85;;0.85;0.0;0.0;1.97;5.92;0.0;0;0;0;0;0;;7.05;0.0;0.0;0;3.1;0.0;0;0.28;1.13;0.0;12.97;0.56;0.0;0;86.86;0.0
2009;Zamora;0;1;31;0;0;0;;0;0;0;0;17;0;;;0;0;2;0;0;0;1;3616;;2;8;0;6;0;;1;1;;6;0;0;0;1;2;;0;0;0;0;24;0;0;0;0;0;0;;19;0;1;0;1;0;0;1;0;0;27;2;1;0;191;2;0.0;0.51;15.84;0.0;0.0;0;;0;0.0;0.0;0.0;8.69;0.0;;;0.0;0;1.02;0.0;0.0;0.0;0.51;1848.06;;1.02;4.09;0.0;;3.07;0.0;;0.51;0.51;;3.07;0.0;0.0;0.0;0.51;1.02;;0.0;0.0;0.0;0.0;12.27;0.0;0;0;0;0;0;;9.71;0.0;0.51;0;0.51;0.0;0;0.51;0.0;0.0;13.8;1.02;0.51;0;97.62;1.02
2008;León;2;5;18;0;2;0;;0;1;1;0;16;8;;;2;0;2;0;0;0;4;17674;;1;20;14;0;1;;0;12;;3;0;0;0;0;7;;3;1;0;0;19;;0;0;0;0;0;;149;0;0;;12;0;0;0;3;0;87;18;0;0;821;5;0.4;1.0;3.6;0.0;0.4;0;;0;0.2;0.2;0.0;3.2;1.6;;;0.4;0;0.4;0.0;0.0;0.0;0.8;3533.39;;0.2;4.0;2.8;;0.0;0.2;;0.0;2.4;;0.6;0.0;0.0;0.0;0.0;1.4;;0.6;0.2;0.0;0.0;3.8;;0;0;0;0;0;;29.79;0.0;0.0;;2.4;0.0;0;0.0;0.6;0.0;17.39;3.6;0.0;0;164.13;1.0
2008;Soria;0;1;49;0;0;0;;0;0;0;0;30;1;;;1;0;5;0;0;0;10;812;;0;5;0;2;0;;0;3;;3;0;0;0;0;0;;16;1;0;0;16;;0;0;0;0;0;;35;0;0;;1;0;0;0;4;0;15;6;0;0;652;4;0.0;1.06;51.77;0.0;0.0;0;;0;0.0;0.0;0.0;31.7;1.06;;;1.06;0;5.28;0.0;0.0;0.0;10.57;857.93;;0.0;5.28;0.0;;2.11;0.0;;0.0;3.17;;3.17;0.0;0.0;0.0;0.0;0.0;;16.91;1.06;0.0;0.0;16.91;;0;0;0;0;0;;36.98;0.0;0.0;;1.06;0.0;0;0.0;4.23;0.0;15.85;6.34;0.0;0;688.88;4.23
2008;Zamora;0;1;41;0;0;0;;0;0;0;0;13;1;;;2;0;1;0;0;1;1;3627;;1;8;10;2;0;;0;6;;2;0;0;0;0;1;;4;1;2;0;30;;0;0;0;0;0;;24;0;0;;4;0;0;1;1;0;28;26;3;0;209;4;0.0;0.51;20.79;0.0;0.0;0;;0;0.0;0.0;0.0;6.59;0.51;;;1.01;0;0.51;0.0;0.0;0.51;0.51;1839.05;;0.51;4.06;5.07;;1.01;0.0;;0.0;3.04;;1.01;0.0;0.0;0.0;0.0;0.51;;2.03;0.51;1.01;0.0;15.21;;0;0;0;0;0;;12.17;0.0;0.0;;2.03;0.0;0;0.51;0.51;0.0;14.2;13.18;1.52;0;105.97;2.03
2018;Ávila;0;2;70;0;1;0;0;0;0;2;0;24;6;0;0;5;0;0;0;1;0;7;1903;0;3;6;6;1;0;2;3;0;0;0;1;0;0;4;3;9;1;0;0;0;52;0;0;0;0;0;0;;108;0;0;0;5;0;0;2;2;0;8;1;0;0;83;2;0.0;1.24;43.6;0.0;0.62;0;0.0;0;0.0;1.24;0.0;14.9;3.73;0.0;0.0;3.11;0;0.0;0.0;0.62;0.0;4.36;1184.0;0.0;1.87;3.73;3.73;;0.62;0.0;0;1.24;1.87;0.0;0.0;0.62;0.0;0.0;2.49;1.87;5.6;0.62;0.0;0.0;0.0;32.4;0.0;0;0;0;0;0;;67.2;0.0;0.0;0;3.11;0.0;0;1.24;1.24;0.0;4.98;0.62;0.0;0;51.7;1.24
2018;León;0;0;75;0;3;0;2;0;0;0;3;35;1;0;0;0;0;2;0;0;0;19;5290;2;22;5;17;4;0;4;17;5;0;11;1;0;0;4;4;12;0;0;1;0;85;0;0;0;0;0;0;;38;0;6;0;21;0;0;4;1;0;63;0;0;0;224;4;0.0;0.0;16.0;0.0;0.64;0;0.43;0;0.0;0.0;0.64;7.47;0.21;0.0;0.0;0.0;0;0.43;0.0;0.0;0.0;4.06;1129.0;0.43;4.7;1.07;3.63;;0.85;1.07;0;0.85;3.63;0.0;2.35;0.21;0.0;0.0;0.85;0.85;2.56;0.0;0.0;0.21;0.0;18.2;0.0;0;0;0;0;0;;8.11;0.0;1.28;0;4.48;0.0;0;0.85;0.21;0.0;13.5;0.0;0.0;0;47.8;0.85
2018;Segovia;1;0;104;0;1;0;0;0;0;0;4;17;1;0;0;0;0;0;0;0;0;8;2129;1;14;0;16;2;0;10;8;0;0;1;0;0;0;5;1;2;35;1;0;1;30;0;0;0;0;0;0;;102;0;0;0;4;0;0;2;2;0;5;0;0;0;188;2;0.65;0.0;67.45;0.0;0.65;0;0.0;0;0.0;0.0;2.59;11.03;0.65;0.0;0.0;0.0;0;0.0;0.0;0.0;0.0;5.19;1380.0;0.65;9.08;0.0;10.38;;1.3;0.0;0;6.49;5.19;0.0;0.65;0.0;0.0;0.0;3.24;0.65;1.3;22.7;0.65;0.0;0.65;19.46;0.0;0;0;0;0;0;;66.15;0.0;0.0;0;2.59;0.0;0;1.3;1.3;0.0;3.24;0.0;0.0;0;121.9;1.3
2017;Ávila;0;0;60;0;0;0;0;0;1;3;0;22;1;0;0;3;0;5;0;0;0;9;2159;3;8;7;1;5;1;0;1;6;0;1;0;0;0;1;2;2;1;0;0;2;20;0;0;0;0;0;0;0;90;0;0;0;6;0;0;3;2;0;10;0;0;0;257;5;0.0;0.0;37.34;0.0;0.0;0;0.0;0;0.62;1.87;0.0;13.69;0.62;0.0;0.0;1.87;0;3.11;0.0;0.0;0.0;5.6;1343.0;1.87;4.98;4.36;0.62;597.19;3.11;0.62;0;0.62;3.73;0.0;0.62;0.0;0.0;0.0;0.62;1.24;1.24;0.62;0.0;0.0;1.24;12.45;0.0;0;0;0;0;0;0.0;56.0;0.0;0.0;0;3.73;0.0;0;1.87;1.24;0.0;6.22;0.0;0.0;0;159.93;3.11
2017;Segovia;0;0;98;0;0;0;0;0;2;1;1;11;1;0;0;1;0;0;0;0;0;6;2128;0;14;1;4;3;0;0;4;4;0;3;3;0;0;6;2;5;36;2;0;1;26;0;0;0;0;0;0;0;125;0;0;0;2;0;0;2;0;0;9;0;0;0;92;2;0.0;0.0;63.56;0.0;0.0;0;0.0;0;1.3;0.05;0.05;7.13;0.85;0.0;0.0;0.65;0;0.0;0.0;0.0;0.0;3.89;1380.0;0.0;9.08;0.65;2.59;564.67;1.95;0.0;0;2.59;2.59;0.0;1.95;1.95;0.0;0.0;3.89;1.3;3.24;23.35;1.3;0.0;0.65;16.86;0.0;0;0;0;0;0;0.0;81.07;0.0;0.0;0;1.3;0.0;0;1.3;0.0;0.0;5.84;0.0;0.0;0;59.67;1.3
2017;Valladolid;0;1;288;0;11;0;1;0;0;2;3;37;0;0;0;1;0;2;1;0;1;27;7534;52;58;6;3;1;6;0;4;13;0;7;0;0;0;5;17;23;6;1;1;5;91;1;0;0;0;0;0;0;284;6;4;0;41;0;0;31;5;0;44;5;0;0;279;16;0.0;0.19;55.26;0.0;2.11;0;0.19;0;0.0;0.38;0.58;7.1;0.0;0.0;0.0;0.19;0;0.38;0.19;0.0;0.19;5.18;1445.0;9.98;11.13;1.15;0.58;564.97;0.19;1.15;0;0.77;2.49;0.0;1.34;0.0;0.0;0.0;0.96;3.26;4.61;1.15;0.19;0.19;0.96;17.46;0.19;0;0;0;0;0;0.0;54.5;1.15;0.77;0;7.87;0.0;0;5.95;0.96;0.0;8.44;0.96;0.0;0;53.54;3.07
2016;Burgos;0;0;116;1;0;0;0;0;0;1;4;26;4;1;2;1;0;2;0;0;1;8;5870;54;2;8;3;3;0;0;3;13;0;3;0;0;0;7;18;10;0;1;1;3;56;2;0;0;0;0;0;0;141;0;0;0;16;0;0;5;0;0;35;0;0;0;965;7;0.0;0.0;31.76;0.27;0.0;0;0.0;0;0.0;0.27;1.1;7.12;1.1;0.27;0.55;0.27;0;0.55;0.0;0.0;0.27;2.19;1606.0;14.78;0.55;2.19;0.82;570.95;0.82;0.0;0;0.82;3.56;0.0;0.82;0.0;0.0;0.0;1.92;4.93;2.74;0.0;0.27;0.27;0.82;15.33;0.55;0;0;0;0;0;0.0;38.6;0.0;0.0;0;4.38;0.0;0;1.37;0.0;0.0;9.58;0.0;0.0;0;264.2;1.92
2016;León;0;2;82;0;0;0;1;0;0;0;0;29;0;0;2;0;0;0;0;0;0;17;4851;0;4;5;16;1;5;0;2;9;0;9;0;0;1;6;8;17;0;0;1;0;83;1;0;0;0;0;0;0;121;0;2;0;14;0;0;9;4;0;68;1;0;0;933;2;0.0;0.41;16.92;0.0;0.0;0;0.21;0;0.0;0.0;0.0;5.99;0.0;0.0;0.41;0.0;0;0.0;0.0;0.0;0.0;3.51;1001.0;0.0;0.83;1.03;3.3;583.97;0.21;1.03;0;0.41;1.86;0.0;1.86;0.0;0.0;0.21;1.24;1.65;3.51;0.0;0.0;0.21;0.0;17.13;0.21;0;0;0;0;0;0.0;24.97;0.0;0.41;0;2.89;0.0;0;1.86;0.83;0.0;14.03;0.21;0.0;0;192.6;0.41
2016;Palencia;0;1;26;0;0;0;1;0;0;0;0;8;0;0;1;0;0;1;0;0;0;10;2660;3;0;4;5;10;0;0;1;8;0;0;0;0;0;3;4;2;0;3;0;1;57;0;0;0;0;0;0;1;75;0;0;0;4;0;0;10;5;0;15;0;0;0;319;0;0.0;0.6;15.54;0.0;0.0;0;0.6;0;0.0;0.0;0.0;4.78;0.0;0.0;0.6;0.0;0;0.6;0.0;0.0;0.0;5.98;1589.0;1.79;0.0;2.39;2.99;541.24;5.98;0.0;0;0.6;4.78;0.0;0.0;0.0;0.0;0.0;1.79;2.39;1.2;0.0;1.79;0.0;0.6;34.07;0.0;0;0;0;0;0;0.6;44.83;0.0;0.0;0;2.39;0.0;0;5.98;2.99;0.0;8.97;0.0;0.0;0;190.7;0.0
2015;Palencia;0;0;29;0;0;0;0;0;0;0;0;11;2;2;0;0;0;0;0;0;0;14;3420;0;4;2;6;4;0;0;0;5;0;0;0;0;0;0;4;7;0;0;0;0;48;0;0;0;0;0;0;;61;0;12;0;4;0;0;96;1;0;27;9;0;0;1031;3;0.0;0.0;17.33;0.0;0.0;0;0.0;0;0.0;0.0;0.0;6.57;1.2;1.2;0.0;0.0;0;0.0;0.0;0.0;0.0;8.37;2044.0;0.0;2.39;1.2;3.59;527.12;2.39;0.0;0;0.0;2.99;0.0;0.0;0.0;0.0;0.0;0.0;2.39;4.18;0.0;0.0;0.0;0.0;28.69;0.0;0;0;0;0;0;;36.46;0.0;7.17;0;2.39;0.0;0;57.38;0.6;0.0;16.14;5.38;0.0;0;616.25;1.79
2015;Segovia;0;0;103;0;1;0;0;0;1;1;0;13;1;0;0;0;0;0;0;0;0;38;3499;0;1;0;5;2;0;0;1;2;0;4;0;0;0;0;2;3;36;2;1;5;16;0;0;0;0;0;0;;113;0;2;0;3;0;0;1;2;0;9;1;0;0;663;3;0.0;0.0;64.73;0.0;0.63;0;0.0;0;0.63;0.63;0.0;8.17;0.63;0.0;0.0;0.0;0;0.0;0.0;0.0;0.0;23.88;2198.0;0.0;0.63;0.0;3.14;510.33;1.26;0.0;0;0.63;1.26;0.0;2.51;0.0;0.0;0.0;0.0;1.26;1.89;22.62;1.26;0.63;3.14;10.05;0.0;0;0;0;0;0;;71.01;0.0;1.26;0;1.89;0.0;0;0.63;1.26;0.0;5.66;0.63;0.0;0;416.65;1.89
2015;Soria;0;1;86;0;1;0;1;0;1;0;2;10;0;1;0;0;0;3;0;0;0;3;1322;0;0;0;4;2;0;0;1;4;0;3;0;0;0;0;2;4;6;0;0;1;7;1;0;0;0;0;0;;100;0;0;0;2;0;0;12;4;0;5;3;0;0;480;0;0.0;1.08;92.84;0.0;1.08;0;1.08;0;1.08;0.0;2.16;10.8;0.0;1.08;0.0;0.0;0;3.24;0.0;0.0;0.0;3.24;1427.0;0.0;0.0;0.0;4.32;534.97;2.16;0.0;0;1.08;4.32;0.0;3.24;0.0;0.0;0.0;0.0;2.16;4.32;6.48;0.0;0.0;1.08;7.56;1.08;0;0;0;0;0;;107.96;0.0;0.0;0;2.16;0.0;0;12.95;4.32;0.0;5.4;3.24;0.0;0;518.19;0.0
2015;Valladolid;0;0;262;0;15;0;2;0;1;4;1;26;1;1;0;2;0;0;0;0;0;45;9580;15;2;18;13;3;3;0;5;18;0;6;0;0;0;0;12;20;3;3;1;6;57;1;0;0;0;0;0;;249;0;1;0;18;0;0;33;5;0;40;6;0;0;392;9;0.0;0.0;49.56;0.0;2.84;0;0.38;0;0.19;0.76;0.19;4.92;0.19;0.19;0.0;0.38;0;0.0;0.0;0.0;0.0;8.51;1812.0;2.84;0.38;3.4;2.46;539.44;0.57;0.57;0;0.95;3.4;0.0;1.13;0.0;0.0;0.0;0.0;2.27;3.78;0.57;0.57;0.19;1.13;10.78;0.19;0;0;0;0;0;;47.1;0.0;0.19;0;3.4;0.0;0;6.24;0.95;0.0;7.57;1.13;0.0;0;74.15;1.7
2014;León;0;1;102;0;0;0;0;0;2;2;1;15;0;3;;1;0;5;1;0;0;13;6934;0;2;10;22;6;11;0;0;11;0;14;0;1;0;2;7;15;0;4;5;1;53;0;0;0;0;0;0;0;35;0;1;0;21;0;0;1;4;0;88;6;0;0;451;4;0.0;0.2;20.85;0.0;0.0;0;0.0;0;0.41;0.41;0.2;3.07;0.0;0.61;;0.2;0;1.02;0.2;0.0;0.0;2.66;1417.0;0.0;0.41;2.04;4.5;548.16;1.23;2.25;0;0.0;2.25;0.0;2.86;0.0;0.2;0.0;0.41;1.43;3.07;0.0;0.82;1.02;0.2;10.83;0.0;0;0;0;0;0;0.0;7.15;0.0;0.2;0;4.29;0.0;0;0.2;0.82;0.0;17.99;1.23;0.0;0;92.18;0.82
2014;Salamanca;0;5;83;0;1;0;0;0;1;1;3;22;1;0;;0;0;4;0;0;0;34;4422;0;0;4;4;14;0;0;0;11;0;1;0;0;0;5;6;17;2;0;2;4;37;0;0;0;0;0;0;0;81;0;0;0;25;2;0;11;3;0;37;1;0;0;303;10;0.0;1.44;23.9;0.0;0.29;0;0.0;0;0.29;0.29;0.86;6.34;0.29;0.0;;0.0;0;1.15;0.0;0.0;0.0;9.79;1273.0;0.0;0.0;1.15;1.15;547.92;4.03;0.0;0;0.0;3.17;0.0;0.29;0.0;0.0;0.0;1.44;1.73;4.9;0.58;0.0;0.58;1.15;10.66;0.0;0;0;0;0;0;0.0;23.33;0.0;0.0;0;7.2;0.58;0;3.17;0.86;0.0;10.66;0.29;0.0;0;87.26;2.88
2014;Valladolid;0;2;274;0;4;0;0;0;4;1;2;11;3;2;;0;0;1;0;0;0;30;7237;35;3;12;12;6;1;0;0;13;0;2;0;1;0;0;6;19;1;2;0;1;86;1;0;0;0;0;0;3;226;0;11;0;34;0;0;29;5;0;41;8;0;0;990;18;0.0;0.38;51.59;0.0;0.75;0;0.0;0;0.75;0.19;0.38;2.07;0.56;0.38;;0.0;0;0.19;0.0;0.0;0.0;5.65;1362.0;6.59;0.56;2.26;2.26;521.68;1.13;0.19;0;0.0;2.45;0.0;0.38;0.0;0.19;0.0;0.0;1.13;3.58;0.19;0.38;0.0;0.19;16.19;0.19;0;0;0;0;0;0.56;42.55;0.0;2.07;0;6.4;0.0;0;5.46;0.94;0.0;7.72;1.51;0.0;0;186.39;3.39
2013;Burgos;1;0;57;0;0;0;0;0;0;1;2;19;3;;;1;0;1;1;0;0;16;3038;0;3;11;16;8;0;0;0;3;0;7;0;0;1;3;33;20;1;0;0;2;98;0;0;0;0;0;0;0;50;0;1;0;9;0;0;1;2;0;31;0;0;0;806;4;0.27;0.0;15.46;0.0;0.0;0;0.0;0;0.0;0.27;0.54;5.15;0.81;;;0.27;0;0.27;0.27;0.0;0.0;4.34;823.97;0.0;0.81;2.98;4.34;527.14;2.17;0.0;0;0.0;0.81;0.0;1.9;0.0;0.0;0.27;0.81;8.95;5.42;0.27;0.0;0.0;0.54;26.58;0.0;0;0;0;0;0;0.0;13.56;0.0;0.27;0;2.44;0.0;0;0.27;0.54;0.0;8.41;0.0;0.0;0;218.61;1.08
2013;León;0;0;48;0;0;0;0;0;2;0;0;12;3;;;1;0;4;0;0;0;16;6784;0;0;10;13;1;6;0;0;8;0;8;1;0;0;0;9;16;1;0;4;2;145;0;0;0;0;0;0;0;29;0;0;0;8;0;0;3;1;0;87;0;0;0;444;1;0.0;0.0;9.81;0.0;0.0;0;0.0;0;0.41;0.0;0.0;2.45;0.61;;;0.2;0;0.82;0.0;0.0;0.0;3.27;1386.0;0.0;0.0;2.04;2.66;527.41;0.2;1.23;0;0.0;1.64;0.0;1.64;0.2;0.0;0.0;0.0;1.84;3.27;0.2;0.0;0.82;0.41;29.64;0.0;0;0;0;0;0;0.0;5.93;0.0;0.0;0;1.64;0.0;0;0.61;0.2;0.0;17.78;0.0;0.0;0;90.75;0.2
2013;Palencia;0;0;82;0;0;0;0;0;0;2;0;11;0;;;0;0;0;0;0;0;10;2216;1;0;3;0;1;0;0;1;4;0;0;0;0;0;5;14;9;1;1;0;1;365;0;0;0;0;0;0;0;50;0;0;0;2;0;0;1;2;0;18;1;0;0;433;1;0.0;0.0;48.59;0.0;0.0;0;0.0;0;0.0;1.19;0.0;6.52;0.0;;;0.0;0;0.0;0.0;0.0;0.0;5.93;1313.0;0.59;0.0;1.78;0.0;532.09;0.59;0.0;0;0.59;2.37;0.0;0.0;0.0;0.0;0.0;2.96;8.3;5.33;0.59;0.59;0.0;0.59;216.3;0.0;0;0;0;0;0;0.0;29.63;0.0;0.0;0;1.19;0.0;0;0.59;1.19;0.0;10.67;0.59;0.0;0;256.59;0.59
2013;Valladolid;1;0;151;0;3;0;0;0;0;0;0;13;4;;;2;0;0;1;1;0;31;4670;19;2;7;18;5;0;0;0;7;0;6;1;0;0;10;9;39;2;6;1;3;1501;0;0;0;0;0;0;0;172;0;3;0;20;0;0;5;1;0;46;1;0;0;572;7;0.19;0.0;28.43;0.0;0.56;0;0.0;0;0.0;0.0;0.0;2.45;0.75;;;0.38;0;0.0;0.19;0.19;0.0;5.84;879.24;3.58;0.38;1.32;3.39;503.11;0.94;0.0;0;0.0;1.32;0.0;1.13;0.19;0.0;0.0;1.88;1.69;7.34;0.38;1.13;0.19;0.56;282.6;0.0;0;0;0;0;0;0.0;32.38;0.0;0.56;0;3.77;0.0;0;0.94;0.19;0.0;8.66;0.19;0.0;0;107.69;1.32
2012;Ávila;0;1;14;0;0;0;;0;0;0;0;8;0;;;1;0;4;0;0;1;7;2126;0;0;0;6;10;0;0;0;7;0;1;0;0;0;0;2;7;0;0;0;0;13;0;0;0;0;0;0;2;41;1;2;0;4;0;0;1;2;0;14;0;0;0;295;2;0.0;0.58;8.17;0.0;0.0;0;;0;0.0;0.0;0.0;4.67;0.0;;;0.58;0;2.34;0.0;0.0;0.58;4.09;1241.0;0.0;0.0;0.0;3.5;522.58;5.84;0.0;0;0.0;4.09;0.0;0.58;0.0;0.0;0.0;0.0;1.17;4.09;0.0;0.0;0.0;0.0;7.59;0.0;0;0;0;0;0;1.17;23.94;0.58;1.17;0;2.34;0.0;0;0.58;1.17;0.0;8.17;0.0;0.0;0;172.25;1.17
2012;León;0;0;48;0;1;0;;0;0;0;0;10;4;;;1;0;0;0;0;0;10;8705;0;1;3;15;3;4;0;0;4;0;6;0;0;0;3;8;25;1;1;1;0;196;0;0;0;0;0;0;0;39;1;0;0;10;0;0;8;2;0;104;0;0;0;1236;1;0.0;0.0;9.71;0.0;0.2;0;;0;0.0;0.0;0.0;2.02;0.81;;;0.2;0;0.0;0.0;0.0;0.0;2.02;1760.0;0.0;0.2;0.61;3.03;492.06;0.61;0.81;0;0.0;0.81;0.0;1.21;0.0;0.0;0.0;0.61;1.62;5.06;0.2;0.2;0.2;0.0;39.64;0.0;0;0;0;0;0;0.0;7.89;0.2;0.0;0;2.02;0.0;0;1.62;0.4;0.0;21.03;0.0;0.0;0;249.97;0.2
2012;Salamanca;0;1;68;0;4;0;;0;0;0;0;19;2;;;0;0;2;0;0;0;49;2023;0;3;2;5;4;0;0;0;7;0;1;0;0;0;3;9;20;1;1;1;1;91;0;0;0;0;0;0;0;75;1;0;0;11;0;0;4;0;0;44;1;0;0;330;12;0.0;0.29;19.4;0.0;1.14;0;;0;0.0;0.0;0.0;5.42;0.57;;;0.0;0;0.57;0.0;0.0;0.0;13.98;577.07;0.0;0.86;0.57;1.43;499.2;1.14;0.0;0;0.0;2.0;0.0;0.29;0.0;0.0;0.0;0.86;2.57;5.71;0.29;0.29;0.29;0.29;25.96;0.0;0;0;0;0;0;0.0;21.39;0.29;0.0;0;3.14;0.0;0;1.14;0.0;0.0;12.55;0.29;0.0;0;94.13;3.42
2012;Soria;0;0;67;0;0;0;;0;0;1;0;5;0;;;0;0;5;0;0;0;5;683;0;1;0;2;2;1;0;0;1;0;2;0;0;0;0;4;3;38;0;0;1;7;0;0;0;0;0;0;1;59;0;1;0;2;0;0;0;6;2;9;0;0;0;553;2;0.0;0.0;70.88;0.0;0.0;0;;0;0.0;1.06;0.0;5.29;0.0;;;0.0;0;5.29;0.0;0.0;0.0;5.29;722.58;0.0;1.06;0.0;2.12;483.49;2.12;1.06;0;0.0;1.06;0.0;2.12;0.0;0.0;0.0;0.0;4.23;3.17;40.2;0.0;0.0;1.06;7.41;0.0;0;0;0;0;0;1.06;62.42;0.0;1.06;0;2.12;0.0;0;0.0;6.35;2.12;9.52;0.0;0.0;0;585.05;2.12
2011;Burgos;0;2;76;0;1;0;;0;0;3;1;30;4;;;0;0;0;0;0;0;14;4774;34;3;7;2;3;1;;0;7;;1;0;0;0;1;10;28;2;4;1;2;49;0;0;0;0;0;0;;73;0;3;0;8;0;0;8;2;0;35;1;0;0;922;9;0.0;0.53;20.23;0.0;0.27;0;;0;0.0;0.8;0.27;7.99;1.06;;;0.0;0;0.0;0.0;0.0;0.0;3.73;1270.0;9.05;0.8;1.86;0.53;;0.8;0.27;;0.0;1.86;;0.27;0.0;0.0;0.0;0.27;2.66;7.45;0.53;1.06;0.27;0.53;13.04;0.0;0;0;0;0;0;;19.43;0.0;0.8;0;2.13;0.0;0;2.13;0.53;0.0;9.32;0.27;0.0;0;245.44;2.4
2011;Zamora;2;1;29;0;0;0;;0;1;0;0;6;1;;;0;0;2;0;0;0;4;2825;0;1;4;2;0;0;;0;2;;0;0;0;0;2;3;8;0;0;1;0;22;0;0;0;0;0;0;;41;0;1;0;6;0;0;1;0;0;35;0;0;0;172;4;1.03;0.52;15.0;0.0;0.0;0;;0;0.52;0.0;0.0;3.1;0.52;;;0.0;0;1.03;0.0;0.0;0.0;2.07;1460.0;0.0;0.52;2.07;1.03;;0.0;0.0;;0.0;1.03;;0.0;0.0;0.0;0.0;1.03;1.55;4.14;0.0;0.0;0.52;0.0;11.38;0.0;0;0;0;0;0;;21.2;0.0;0.52;0;3.1;0.0;0;0.52;0.0;0.0;18.1;0.0;0.0;0;88.94;2.07
2010;León;0;2;51;0;1;0;;0;0;0;0;15;2;;;1;0;0;0;0;0;10;4801;2;1;8;2;3;1;0;1;4;0;11;0;0;0;1;4;24;3;1;1;4;24;0;0;0;0;0;0;0;35;0;0;0;10;0;0;0;2;0;102;0;0;0;549;5;0.0;0.4;10.21;0.0;0.2;0;;0;0.0;0.0;0.0;3.0;0.4;;;0.2;0;0.0;0.0;0.0;0.0;2.0;962.0;0.4;0.2;1.6;0.4;;0.6;0.2;0;0.2;0.8;0.0;2.2;0.0;0.0;0.0;0.2;0.8;4.81;0.6;0.2;0.2;0.8;4.81;0.0;0;0;0;0;0;0.0;7.01;0.0;0.0;0;2.0;0.0;0;0.0;0.4;0.0;20.43;0.0;0.0;0;109.96;1.0
2010;Soria;0;0;72;0;0;0;;0;1;0;0;12;1;;;1;0;1;0;0;0;3;107;0;6;2;0;0;0;0;0;2;0;3;1;0;0;0;0;2;47;0;2;0;2;0;0;0;0;0;0;1;40;0;0;0;13;0;0;0;5;0;11;1;0;0;315;5;0.0;0.0;75.58;0.0;0.0;0;;0;1.05;0.0;0.0;12.6;1.05;;;1.05;0;1.05;0.0;0.0;0.0;3.15;112.33;0.0;6.3;2.1;0.0;;0.0;0.0;0;0.0;2.1;0.0;3.15;1.05;0.0;0.0;0.0;0.0;2.1;49.34;0.0;2.1;0.0;2.1;0.0;0;0;0;0;0;1.05;41.99;0.0;0.0;0;13.65;0.0;0;0.0;5.25;0.0;11.55;1.05;0.0;0;330.68;5.25
2009;León;0;2;28;0;0;0;;0;0;0;0;21;4;;;1;0;1;0;0;0;6;13440;;7;7;4;1;0;;0;15;;11;0;0;0;2;2;;0;1;1;2;27;0;0;0;0;0;0;;37;0;0;0;13;0;0;0;3;0;98;2;0;0;540;2;0.0;0.4;5.6;0.0;0.0;0;;0;0.0;0.0;0.0;4.2;0.8;;;0.2;0;0.2;0.0;0.0;0.0;1.2;2687.09;;1.4;1.4;0.8;;0.2;0.0;;3.0;0.0;;2.2;0.0;0.0;0.0;0.4;0.4;;0.0;0.2;0.2;0.4;5.4;0.0;0;0;0;0;0;;7.4;0.0;0.0;0;2.6;0.0;0;0.0;0.6;0.0;19.59;0.4;0.0;0;107.96;0.4
2009;Segovia;0;4;40;0;2;0;;0;0;0;0;4;0;;;0;0;2;0;0;0;8;4417;;3;1;3;1;0;;0;2;;0;1;0;0;1;0;;20;1;0;0;9;0;0;0;0;0;0;;77;0;0;0;5;0;0;0;2;0;16;2;0;0;304;1;0.0;2.43;24.26;0.0;1.21;0;;0;0.0;0.0;0.0;2.43;0.0;;;0.0;0;1.21;0.0;0.0;0.0;4.85;2679.34;;1.82;0.61;1.82;;0.61;0.0;;1.21;0.0;;0.0;0.61;0.0;0.0;0.61;0.0;;12.13;0.61;0.0;0.0;5.46;0.0;0;0;0;0;0;;46.71;0.0;0.0;0;3.03;0.0;0;0.0;1.21;0.0;9.71;1.21;0.0;0;184.41;0.61
2009;Valladolid;1;1;36;0;0;0;;0;0;2;1;21;4;;;0;0;0;0;0;1;19;11167;;7;42;14;5;0;;0;4;;7;0;0;0;0;10;;3;6;2;1;54;1;0;0;0;0;0;;58;0;2;0;21;0;0;1;3;0;80;10;1;0;960;3;0.19;0.19;6.76;0.0;0.0;0;;0;0.0;0.38;0.19;3.94;0.75;;;0.0;0;0.0;0.0;0.0;0.19;3.57;2096.79;;1.31;7.89;2.63;;0.94;0.0;;0.75;0.0;;1.31;0.0;0.0;0.0;0.0;1.88;;0.56;1.13;0.38;0.19;10.14;0.19;0;0;0;0;0;;10.89;0.0;0.38;0;3.94;0.0;0;0.19;0.56;0.0;15.02;1.88;0.19;0;180.26;0.56
2008;Ávila;0;0;7;0;0;0;;0;0;0;0;15;1;;;6;0;2;0;0;2;11;1790;;1;4;4;7;0;;1;3;;1;0;0;0;0;17;;0;3;0;0;13;;0;0;0;0;0;;24;0;0;;6;1;0;1;2;0;30;2;0;0;425;0;0.0;0.0;4.07;0.0;0.0;0;;0;0.0;0.0;0.0;8.73;0.58;;;3.49;0;1.16;0.0;0.0;1.16;6.4;1041.82;;0.58;2.33;2.33;;4.07;0.0;;0.58;1.75;;0.58;0.0;0.0;0.0;0.0;9.89;;0.0;1.75;0.0;0.0;7.57;;0;0;0;0;0;;13.97;0.0;0.0;;3.49;0.58;0;0.58;1.16;0.0;17.46;1.16;0.0;0;247.36;0.0
2008;Palencia;0;1;40;0;0;0;;0;1;1;0;12;3;;;2;0;3;0;0;1;2;2793;;1;7;2;10;0;;1;4;;3;0;0;0;3;7;;12;4;6;0;16;;0;0;0;0;0;;38;0;1;;1;1;0;6;4;4;53;42;0;0;347;4;0.0;0.58;23.06;0.0;0.0;0;;0;0.58;0.58;0.0;6.92;1.73;;;1.15;0;1.73;0.0;0.0;0.58;1.15;1610.23;;0.58;4.04;1.15;;5.77;0.0;;0.58;2.31;;1.73;0.0;0.0;0.0;1.73;4.04;;6.92;2.31;3.46;0.0;9.22;;0;0;0;0;0;;21.91;0.0;0.58;;0.58;0.58;0;3.46;2.31;2.31;30.56;24.21;0.0;0;200.05;2.31
2008;Segovia;0;2;33;0;0;0;;0;2;0;0;4;1;;;0;0;0;0;0;1;7;2394;;1;5;4;1;0;;0;0;;2;0;0;0;2;1;;24;1;4;0;14;;0;0;0;0;0;;90;1;0;;2;0;0;0;0;0;18;1;0;0;172;1;0.0;1.22;20.13;0.0;0.0;0;;0;1.22;0.0;0.0;2.44;0.61;;;0.0;0;0.0;0.0;0.0;0.61;4.27;1460.66;;0.61;3.05;2.44;;0.61;0.0;;0.0;0.0;;1.22;0.0;0.0;0.0;1.22;0.61;;14.64;0.61;2.44;0.0;8.54;;0;0;0;0;0;;54.91;0.61;0.0;;1.22;0.0;0;0.0;0.0;0.0;10.98;0.61;0.0;0;104.94;0.61
