año;mes;sigla;provincia;pacientes_total;tasa_pacientes_total;pacientes_residencias;tasa_pacientes_residencias
2022;Enero;BU;Burgos;426;1.223234565;143;1.812880325
2022;Enero;SE;Segovia;172;1.173068529;58;1.785714286
2022;Enero;SO;Soria;114;1.308194577;37;1.328068916
2022;Febrero;BU;Burgos;329;0.944685641;102;1.293103448
2022;Marzo;PA;Palencia;180;1.187178472;67;1.283033321
2022;Marzo;VA;Valladolid;494;0.948051026;132;1.495581237
2022;Abril;LE;León;475;1.105746623;124;1.359649123
2022;Abril;VA;Valladolid;407;0.780393149;121;1.370949467
2022;Mayo;AV;Ávila;165;1.101240731;67;1.5625
2022;Mayo;LE;León;575;1.338270582;161;1.765350877
2022;Mayo;SA;Salamanca;374;1.173830485;110;1.333010179
2022;Mayo;SE;Segovia;142;0.965631673;46;1.416256158
2022;Mayo;SO;Soria;98;1.12139694;42;1.507537688
2022;Mayo;ZA;Zamora;225;1.441374495;59;1.168085528
2022;Enero;AV;Ávila;187;1.248547812;58;1.35261194
2022;Enero;SA;Salamanca;477;1.498440303;136;1.648085313
2022;Enero;VA;Valladolid;523;1.004637082;146;1.65420349
2022;Febrero;AV;Ávila;147;0.981511528;54;1.259328358
2022;Febrero;SA;Salamanca;348;1.093421561;116;1.405719825
2022;Febrero;VA;Valladolid;438;0.841165648;122;1.382279628
2022;Marzo;ZA;Zamora;241;1.544357009;50;0.98990299
2022;Abril;BU;Burgos;303;0.869769898;98;1.242393509
2022;Abril;SO;Soria;88;1.008595989;28;1.005025126
2022;Abril;ZA;Zamora;194;1.243661493;44;0.871114631
2022;Mayo;BU;Burgos;347;0.995022022;125;1.584685598
2022;Mayo;PA;Palencia;181;1.193758162;67;1.283033321
2022;Enero;LE;León;644;1.49929226;166;1.820175439
2022;Enero;PA;Palencia;210;1.383253412;67;1.283033321
2022;Enero;ZA;Zamora;278;1.777868732;79;1.564046723
2022;Febrero;LE;León;510;1.187095573;151;1.655701754
2022;Febrero;PA;Palencia;165;1.087543996;50;0.957487553
2022;Febrero;SE;Segovia;149;1.015754419;66;2.032019704
2022;Febrero;SO;Soria;114;1.308209589;32;1.148600144
2022;Febrero;ZA;Zamora;220;1.408270388;67;1.326470006
2022;Marzo;AV;Ávila;197;1.314797141;65;1.515858209
2022;Marzo;BU;Burgos;377;1.082919459;116;1.470588235
2022;Marzo;LE;León;583;1.357183762;146;1.600877193
2022;Marzo;SA;Salamanca;405;1.272732415;121;1.466311197
2022;Marzo;SE;Segovia;143;0.97461237;42;1.293103448
2022;Marzo;SO;Soria;124;1.423258804;32;1.148600144
2022;Abril;AV;Ávila;169;1.128894352;67;1.5625
2022;Abril;PA;Palencia;165;1.08820387;55;1.053236308
2022;Abril;SA;Salamanca;310;0.973627264;102;1.236063984
2022;Abril;SE;Segovia;147;1.000816993;61;1.878078818
2022;Mayo;VA;Valladolid;451;0.864405285;139;1.574892363
2021;Enero;LE;León;666;1.544885177;174;1.907894737
2021;Enero;ZA;Zamora;268;1.707299982;60;1.187883587
2021;Febrero;BU;Burgos;338;0.97114716;79;1.001521298
2021;Febrero;SE;Segovia;183;1.255393734;57;1.754926108
2021;Marzo;PA;Palencia;195;1.281705786;63;1.206434316
2021;Marzo;SO;Soria;139;1.593324087;21;0.753768844
2021;Mayo;BU;Burgos;318;0.915005222;100;1.267748479
2021;Mayo;SA;Salamanca;304;0.95251822;71;0.860397479
2021;Mayo;SE;Segovia;132;0.90505804;42;1.293103448
2021;Junio;AV;Ávila;72;0.482463782;23;0.536380597
2021;Junio;LE;León;224;0.52092781;34;0.372807018
2021;Junio;PA;Palencia;130;0.854925687;49;0.938337802
2021;Junio;ZA;Zamora;99;0.633624331;18;0.356365076
2021;Julio;LE;León;631;1.464132241;143;1.567982456
2021;Agosto;AV;Ávila;172;1.152042867;65;1.515858209
2021;Agosto;BU;Burgos;350;1.005175216;134;1.698782961
2021;Agosto;PA;Palencia;200;1.315547136;91;1.742627346
2021;Agosto;ZA;Zamora;217;1.387228548;67;1.326470006
2021;Septiembre;AV;Ávila;157;1.051193808;59;1.375932836
2021;Septiembre;LE;León;454;1.055011654;96;1.052631579
2021;Septiembre;VA;Valladolid;430;0.828261037;113;1.28030818
2021;Octubre;BU;Burgos;335;0.961756541;97;1.229716024
2021;Octubre;SA;Salamanca;287;0.902138414;85;1.03005332
2021;Octubre;SE;Segovia;135;0.927299703;50;1.539408867
2021;Octubre;SO;Soria;102;1.170664524;36;1.292175162
2021;Octubre;VA;Valladolid;439;0.844973371;116;1.314298663
2021;Octubre;ZA;Zamora;189;1.209592259;46;0.91071075
2021;Noviembre;AV;Ávila;159;1.062422323;49;1.142723881
2021;Noviembre;LE;León;513;1.193972881;126;1.381578947
2021;Noviembre;SE;Segovia;146;0.997240513;58;1.785714286
2021;Diciembre;LE;León;530;1.233889592;106;1.162280702
2021;Diciembre;PA;Palencia;180;1.185645782;54;1.034086557
2021;Enero;PA;Palencia;260;1.705521955;99;1.895825354
2021;Enero;SE;Segovia;196;1.345054523;46;1.416256158
2021;Enero;SO;Soria;121;1.3860252;34;1.220387653
2021;Enero;VA;Valladolid;554;1.067283148;131;1.484251076
2021;Febrero;AV;Ávila;214;1.438143048;62;1.445895522
2021;Febrero;LE;León;689;1.598964038;144;1.578947368
2021;Febrero;PA;Palencia;261;1.713655404;70;1.340482574
2021;Febrero;SA;Salamanca;409;1.279568513;114;1.381483277
2021;Febrero;SO;Soria;151;1.72905383;42;1.507537688
2021;Febrero;ZA;Zamora;248;1.581350269;47;0.93050881
2021;Marzo;VA;Valladolid;528;1.016874728;100;1.133016089
2021;Marzo;ZA;Zamora;232;1.48274077;47;0.93050881
2021;Abril;LE;León;464;1.078578136;97;1.063596491
2021;Abril;PA;Palencia;175;1.150445387;55;1.053236308
2021;Abril;SA;Salamanca;319;0.999345257;86;1.042171595
2021;Mayo;AV;Ávila;151;1.012627668;53;1.236007463
2021;Mayo;ZA;Zamora;184;1.177682909;35;0.692932093
2021;Junio;SA;Salamanca;156;0.489121744;35;0.424139603
2021;Junio;VA;Valladolid;218;0.41978537;40;0.453206436
2021;Julio;AV;Ávila;234;1.56388887;74;1.725746269
2021;Julio;BU;Burgos;439;1.259919354;152;1.926977688
2021;Julio;PA;Palencia;202;1.327061544;73;1.397931827
2021;Julio;SA;Salamanca;415;1.299014314;129;1.563257392
2021;Agosto;LE;León;532;1.236372594;115;1.260964912
2021;Agosto;SA;Salamanca;329;1.035105493;105;1.272418808
2021;Agosto;SE;Segovia;163;1.114552777;46;1.416256158
2021;Agosto;VA;Valladolid;418;0.805092499;120;1.359619307
2021;Septiembre;BU;Burgos;324;0.93013108;115;1.457910751
2021;Septiembre;PA;Palencia;164;1.07898996;59;1.129835312
2021;Septiembre;SO;Soria;77;0.883361823;23;0.825556353
2021;Octubre;AV;Ávila;151;1.011488093;50;1.166044776
2021;Noviembre;PA;Palencia;168;1.106114575;53;1.014936806
2021;Noviembre;VA;Valladolid;401;0.770921087;115;1.302968502
2021;Diciembre;SE;Segovia;135;0.920722392;55;1.693349754
2021;Diciembre;VA;Valladolid;455;0.874015052;122;1.382279628
2021;Diciembre;ZA;Zamora;206;1.317413521;54;1.069095229
2021;Enero;AV;Ávila;203;1.364201472;57;1.329291045
2021;Enero;BU;Burgos;421;1.208710756;124;1.572008114
2021;Enero;SA;Salamanca;427;1.335159406;122;1.478429472
2021;Febrero;VA;Valladolid;507;0.97632931;111;1.257647859
2021;Marzo;AV;Ávila;172;1.154990297;48;1.119402985
2021;Marzo;BU;Burgos;352;1.011561109;99;1.255070994
2021;Marzo;LE;León;567;1.316709202;110;1.206140351
2021;Marzo;SA;Salamanca;357;1.117941234;90;1.090644692
2021;Marzo;SE;Segovia;119;0.816449747;33;1.016009852
2021;Abril;AV;Ávila;168;1.127433545;51;1.189365672
2021;Abril;BU;Burgos;344;0.988383619;91;1.153651116
2021;Abril;SE;Segovia;135;0.925767187;51;1.570197044
2021;Abril;SO;Soria;101;1.158482732;24;0.861450108
2021;Abril;VA;Valladolid;408;0.785527805;99;1.121685928
2021;Abril;ZA;Zamora;209;1.337565758;51;1.009701049
2021;Mayo;LE;León;516;1.19952298;89;0.975877193
2021;Mayo;PA;Palencia;155;1.018945818;43;0.823439295
2021;Mayo;SO;Soria;79;0.906077602;18;0.646087581
2021;Mayo;VA;Valladolid;404;0.777868486;91;1.031044641
2021;Junio;BU;Burgos;136;0.391261069;47;0.595841785
2021;Junio;SE;Segovia;99;0.678584158;29;0.892857143
2021;Junio;SO;Soria;49;0.562087755;14;0.502512563
2021;Julio;SE;Segovia;134;0.916496249;41;1.262315271
2021;Julio;SO;Soria;117;1.339776475;35;1.256281407
2021;Julio;VA;Valladolid;579;1.113335218;181;2.050759121
2021;Julio;ZA;Zamora;260;1.660726376;78;1.544248664
2021;Agosto;SO;Soria;100;1.146986294;28;1.005025126
2021;Septiembre;SA;Salamanca;283;0.891074768;78;0.9452254
2021;Septiembre;SE;Segovia;99;0.676058646;33;1.016009852
2021;Septiembre;ZA;Zamora;175;1.119333773;41;0.811720451
2021;Octubre;LE;León;463;1.077348002;99;1.085526316
2021;Octubre;PA;Palencia;149;0.980656711;46;0.880888548
2021;Noviembre;BU;Burgos;306;0.879171395;101;1.280425963
2021;Noviembre;SA;Salamanca;327;1.027213299;103;1.248182259
2021;Noviembre;SO;Soria;99;1.136350593;27;0.969131371
2021;Noviembre;ZA;Zamora;213;1.360500766;56;1.108691348
2021;Diciembre;AV;Ávila;216;1.442172874;66;1.539179104
2021;Diciembre;BU;Burgos;345;0.990647711;109;1.381845842
2021;Diciembre;SA;Salamanca;324;1.017808507;105;1.272418808
2021;Diciembre;SO;Soria;110;1.262293013;40;1.435750179
2020;Enero;BU;Burgos;430;1.230645946;147;1.943930177
2020;Enero;SE;Segovia;159;1.089108233;57;1.758716446
2020;Enero;ZA;Zamora;281;1.769844619;62;1.335631193
2020;Febrero;AV;Ávila;161;1.081451429;56;1.304753029
2020;Febrero;LE;León;545;1.255743008;140;1.645510108
2020;Febrero;ZA;Zamora;199;1.254776347;55;1.184834123
2020;Marzo;AV;Ávila;256;1.720314495;88;2.050326188
2020;Marzo;PA;Palencia;199;1.297414299;63;1.23094959
2020;Marzo;SE;Segovia;273;1.869274064;126;3.887688985
2020;Marzo;VA;Valladolid;550;1.055988511;195;2.205632847
2020;Abril;BU;Burgos;597;1.709010234;278;3.676276117
2020;Abril;LE;León;959;2.212807982;389;4.572167372
2020;Abril;PA;Palencia;286;1.867035722;126;2.461899179
2020;Abril;SO;Soria;315;3.608660786;153;5.435168739
2020;Mayo;SA;Salamanca;486;1.516068454;208;2.613393642
2020;Mayo;SE;Segovia;145;0.997420464;53;1.635297748
2020;Mayo;SO;Soria;121;1.389957842;46;1.63410302
2020;Mayo;ZA;Zamora;237;1.49997152;77;1.658767773
2020;Junio;BU;Burgos;339;0.974801805;115;1.520761703
2020;Junio;SE;Segovia;132;0.90787166;49;1.51187905
2020;Julio;LE;León;598;1.384608617;174;2.045133992
2020;Julio;PA;Palencia;178;1.164144354;63;1.23094959
2020;Agosto;LE;León;516;1.194837192;140;1.645510108
2020;Septiembre;BU;Burgos;329;0.944992259;92;1.216609363
2020;Septiembre;SA;Salamanca;319;0.999019771;98;1.231310466
2020;Septiembre;ZA;Zamora;221;1.400613481;49;1.055579492
2020;Octubre;AV;Ávila;171;1.151476381;49;1.1416589
2020;Octubre;BU;Burgos;368;1.056584705;112;1.481089659
2020;Octubre;SA;Salamanca;404;1.263957501;128;1.608242241
2020;Octubre;SE;Segovia;139;0.956292612;41;1.265041654
2020;Octubre;VA;Valladolid;516;0.994330773;157;1.775817215
2020;Noviembre;SA;Salamanca;367;1.146280367;107;1.344389999
2020;Noviembre;VA;Valladolid;606;1.166746568;201;2.273498473
2020;Diciembre;SA;Salamanca;382;1.19445174;95;1.193617289
2020;Enero;VA;Valladolid;521;1.00064533;164;1.854993779
2020;Febrero;SA;Salamanca;303;0.942718202;79;0.992587008
2020;Febrero;SE;Segovia;168;1.150031147;68;2.098117865
2020;Febrero;SO;Soria;105;1.202253366;30;1.065719361
2020;Marzo;BU;Burgos;391;1.119176561;125;1.653001851
2020;Marzo;LE;León;640;1.475232234;187;2.197931359
2020;Marzo;SO;Soria;188;2.151768342;82;2.912966252
2020;Abril;AV;Ávila;394;2.650253927;187;4.35694315
2020;Abril;VA;Valladolid;879;1.689273593;435;4.920257889
2020;Abril;ZA;Zamora;348;2.198204799;116;2.498922878
2020;Mayo;AV;Ávila;177;1.193566877;78;1.817334576
2020;Mayo;VA;Valladolid;429;0.826151846;150;1.696640652
2020;Junio;SA;Salamanca;290;0.906402955;90;1.130795326
2020;Junio;SO;Soria;98;1.126553322;34;1.207815275
2020;Junio;VA;Valladolid;426;0.821022809;116;1.312068771
2020;Junio;ZA;Zamora;177;1.121090435;34;0.732442913
2020;Julio;SE;Segovia;193;1.329640653;80;2.468373959
2020;Julio;VA;Valladolid;455;0.8771896;162;1.832371904
2020;Agosto;AV;Ávila;178;1.200658339;66;1.537744641
2020;Agosto;PA;Palencia;186;1.215710112;73;1.426338413
2020;Agosto;SA;Salamanca;368;1.152203589;119;1.495162709
2020;Agosto;SO;Soria;97;1.114033375;40;1.420959147
2020;Agosto;ZA;Zamora;223;1.412366759;70;1.507970702
2020;Septiembre;AV;Ávila;167;1.12590595;64;1.491146319
2020;Septiembre;LE;León;475;1.099903672;113;1.32816173
2020;Septiembre;PA;Palencia;190;1.24213045;61;1.191871825
2020;Septiembre;SE;Segovia;126;0.867422104;38;1.17247763
2020;Noviembre;SE;Segovia;120;0.824226772;41;1.265041654
2020;Noviembre;SO;Soria;120;1.374523212;37;1.314387211
2020;Diciembre;PA;Palencia;260;1.705521955;118;2.30558812
2020;Diciembre;SO;Soria;110;1.26002291;32;1.136767318
2020;Diciembre;ZA;Zamora;315;2.006714531;108;2.326583369
2020;Enero;AV;Ávila;213;1.429041066;78;1.817334576
2020;Enero;LE;León;662;1.524885346;172;2.021626704
2020;Enero;PA;Palencia;233;1.51589083;76;1.484955061
2020;Enero;SA;Salamanca;429;1.334469758;157;1.972609624
2020;Enero;SO;Soria;126;1.443795119;45;1.598579041
2020;Febrero;BU;Burgos;351;1.004849616;128;1.692673896
2020;Febrero;PA;Palencia;212;1.380846615;65;1.270027354
2020;Febrero;VA;Valladolid;432;0.829623712;129;1.45911096
2020;Marzo;SA;Salamanca;540;1.679031385;177;2.223897475
2020;Marzo;ZA;Zamora;211;1.331532714;63;1.357173632
2020;Abril;SA;Salamanca;835;2.598437203;364;4.573438874
2020;Abril;SE;Segovia;682;4.673441558;357;11.01511879
2020;Mayo;BU;Burgos;332;0.954288983;114;1.507537688
2020;Mayo;LE;León;622;1.43820682;234;2.750352609
2020;Mayo;PA;Palencia;176;1.150687797;67;1.309105119
2020;Junio;AV;Ávila;175;1.180653475;53;1.234855545
2020;Junio;LE;León;491;1.136653008;141;1.657263752
2020;Junio;PA;Palencia;174;1.138311374;46;0.898788589
2020;Julio;AV;Ávila;175;1.180637544;55;1.281453868
2020;Julio;BU;Burgos;390;1.121492102;118;1.560433748
2020;Julio;SA;Salamanca;437;1.366979164;147;1.846965699
2020;Julio;SO;Soria;102;1.172319469;24;0.852575488
2020;Julio;ZA;Zamora;233;1.475953986;64;1.378716071
2020;Agosto;BU;Burgos;275;0.790452484;83;1.097593229
2020;Agosto;SE;Segovia;136;0.936910126;42;1.295896328
2020;Agosto;VA;Valladolid;447;0.861935981;150;1.696640652
2020;Septiembre;SO;Soria;75;0.860595073;21;0.746003552
2020;Septiembre;VA;Valladolid;417;0.803892614;110;1.244203144
2020;Octubre;LE;León;643;1.488956711;206;2.421250588
2020;Octubre;PA;Palencia;206;1.347435621;62;1.211410707
2020;Octubre;SO;Soria;95;1.089199725;31;1.101243339
2020;Octubre;ZA;Zamora;280;1.776075001;83;1.788022404
2020;Noviembre;AV;Ávila;190;1.277491276;53;1.234855545
2020;Noviembre;BU;Burgos;510;1.464154063;168;2.221634488
2020;Noviembre;LE;León;695;1.609918022;207;2.433004231
2020;Noviembre;PA;Palencia;258;1.688968027;104;2.032043767
2020;Noviembre;ZA;Zamora;325;2.065275412;86;1.85264972
2020;Diciembre;AV;Ávila;182;1.223077182;54;1.258154706
2020;Diciembre;BU;Burgos;442;1.269002742;155;2.049722296
2020;Diciembre;LE;León;651;1.510090466;202;2.374236013
2020;Diciembre;SE;Segovia;144;0.988203323;54;1.666152422
2020;Diciembre;VA;Valladolid;531;1.022973559;169;1.911548467
2019;Enero;AV;Ávila;235;1.564653479;70;1.630941286
2019;Enero;PA;Palencia;257;1.658353391;91;1.778038296
2019;Enero;SE;Segovia;216;1.477114976;78;2.40666461
2019;Febrero;AV;Ávila;204;1.360480703;70;1.630941286
2019;Febrero;PA;Palencia;219;1.415240656;78;1.524032825
2019;Febrero;VA;Valladolid;446;0.850617461;142;1.60615315
2019;Marzo;PA;Palencia;169;1.096669111;51;0.996483001
2019;Abril;AV;Ávila;127;0.852451974;40;0.931966449
2019;Abril;LE;León;327;0.750685259;90;1.057827927
2019;Abril;SO;Soria;55;0.633932688;18;0.639431616
2019;Abril;VA;Valladolid;238;0.457501389;73;0.82569845
2019;Mayo;AV;Ávila;252;1.690503663;85;1.980428705
2019;Mayo;BU;Burgos;486;1.380375939;158;2.08939434
2019;Mayo;LE;León;734;1.684656998;180;2.115655853
2019;Mayo;PA;Palencia;185;1.202110516;73;1.426338413
2019;Mayo;SE;Segovia;222;1.527505419;86;2.653502006
2019;Junio;LE;León;427;0.981489612;108;1.269393512
2019;Junio;VA;Valladolid;376;0.72326052;117;1.323379708
2019;Junio;ZA;Zamora;191;1.195827751;55;1.184834123
2019;Julio;LE;León;570;1.310845058;147;1.727785614
2019;Julio;VA;Valladolid;490;0.942701089;154;1.741884402
2019;Julio;ZA;Zamora;247;1.547599654;77;1.658767773
2019;Agosto;BU;Burgos;266;0.761000172;77;1.01824914
2019;Agosto;LE;León;446;1.026164904;122;1.433944523
2019;Agosto;VA;Valladolid;390;0.750292903;114;1.289446895
2019;Septiembre;BU;Burgos;283;0.808966667;79;1.04469717
2019;Septiembre;LE;León;434;0.998548194;116;1.363422661
2019;Septiembre;SA;Salamanca;326;1.015683904;116;1.457469531
2019;Octubre;SE;Segovia;134;0.920753369;59;1.820425795
2019;Octubre;ZA;Zamora;197;1.236901092;39;0.840155106
2019;Noviembre;BU;Burgos;294;0.842175218;94;1.243057392
2019;Noviembre;SA;Salamanca;258;0.803240359;77;0.967458223
2019;Noviembre;VA;Valladolid;345;0.662768181;107;1.210270331
2019;Diciembre;AV;Ávila;133;0.891803455;44;1.025163094
2019;Diciembre;PA;Palencia;126;0.819976182;46;0.898788589
2019;Diciembre;SA;Salamanca;318;0.988600012;95;1.193617289
2019;Diciembre;ZA;Zamora;178;1.120659804;57;1.227919
2019;Enero;LE;León;799;1.816871207;216;2.538787024
2019;Enero;VA;Valladolid;584;1.114070095;189;2.137767221
2019;Enero;ZA;Zamora;306;1.888341037;59;1.271003878
2019;Febrero;BU;Burgos;344;0.972828669;109;1.441417614
2019;Febrero;LE;León;561;1.278877324;161;1.892336624
2019;Febrero;SE;Segovia;155;1.060764709;67;2.06726319
2019;Febrero;SO;Soria;97;1.110716699;20;0.710479574
2019;Marzo;AV;Ávila;151;1.013763008;51;1.188257223
2019;Marzo;BU;Burgos;309;0.876332224;107;1.414969585
2019;Marzo;LE;León;542;1.24028879;152;1.786553832
2019;Marzo;SA;Salamanca;360;1.114364781;114;1.432340746
2019;Marzo;SE;Segovia;126;0.866104386;45;1.388460352
2019;Marzo;SO;Soria;97;1.116713868;24;0.852575488
2019;Mayo;SA;Salamanca;449;1.393959715;140;1.759014952
2019;Mayo;VA;Valladolid;612;1.176151793;196;2.216943785
2019;Mayo;ZA;Zamora;321;2.005986714;92;1.981904352
2019;Junio;AV;Ávila;149;1.000429715;57;1.32805219
2019;Junio;SA;Salamanca;318;0.988308128;116;1.457469531
2019;Junio;SE;Segovia;104;0.715844249;39;1.203332305
2019;Julio;PA;Palencia;184;1.19705161;72;1.406799531
2019;Julio;SO;Soria;107;1.231087844;45;1.598579041
2019;Agosto;PA;Palencia;138;0.897426726;53;1.035560766
2019;Agosto;SA;Salamanca;294;0.915348907;98;1.231310466
2019;Agosto;SE;Segovia;104;0.715164935;41;1.265041654
2019;Septiembre;SO;Soria;69;0.792702541;25;0.888099467
2019;Septiembre;VA;Valladolid;396;0.761623412;107;1.210270331
2019;Octubre;BU;Burgos;309;0.882552032;93;1.229833377
2019;Octubre;LE;León;496;1.141434295;129;1.516220028
2019;Octubre;SA;Salamanca;336;1.046810499;93;1.168488504
2019;Octubre;SO;Soria;107;1.228120516;32;1.136767318
2019;Octubre;VA;Valladolid;429;0.824666961;133;1.504354711
2019;Noviembre;AV;Ávila;168;1.127350324;66;1.537744641
2019;Noviembre;LE;León;431;0.992159408;110;1.292900799
2019;Noviembre;PA;Palencia;190;1.236286975;59;1.15279406
2019;Noviembre;SE;Segovia;123;0.844606194;46;1.419315026
2019;Noviembre;SO;Soria;83;0.952359097;23;0.81705151
2019;Noviembre;ZA;Zamora;182;1.143999346;54;1.163291685
2019;Diciembre;LE;León;438;1.00876799;107;1.257639868
2019;Diciembre;SE;Segovia;120;0.823231596;44;1.357605677
2019;Diciembre;VA;Valladolid;383;0.735462141;118;1.334690646
2019;Enero;BU;Burgos;524;1.481029259;155;2.049722296
2019;Enero;SA;Salamanca;539;1.659983616;156;1.960045232
2019;Enero;SO;Soria;165;1.889017368;49;1.740674956
2019;Febrero;SA;Salamanca;285;0.878220141;72;0.904636261
2019;Febrero;ZA;Zamora;212;1.314753143;53;1.141749246
2019;Marzo;VA;Valladolid;420;0.805061923;128;1.447800023
2019;Marzo;ZA;Zamora;250;1.558972824;67;1.443343386
2019;Abril;BU;Burgos;194;0.550557652;61;0.806664903
2019;Abril;PA;Palencia;167;1.085261243;59;1.15279406
2019;Abril;SA;Salamanca;218;0.677027044;77;0.967458223
2019;Abril;SE;Segovia;104;0.716287975;36;1.110768281
2019;Abril;ZA;Zamora;149;0.930691585;44;0.947867299
2019;Mayo;SO;Soria;150;1.726598831;46;1.63410302
2019;Junio;BU;Burgos;271;0.77253537;93;1.229833377
2019;Junio;PA;Palencia;151;0.982037174;52;1.016021884
2019;Junio;SO;Soria;64;0.736877252;21;0.746003552
2019;Julio;AV;Ávila;158;1.060310174;64;1.491146319
2019;Julio;BU;Burgos;359;1.026095407;117;1.547209733
2019;Julio;SA;Salamanca;374;1.163127008;113;1.419776354
2019;Julio;SE;Segovia;169;1.162278892;79;2.437519284
2019;Agosto;AV;Ávila;137;0.918735498;54;1.258154706
2019;Agosto;SO;Soria;86;0.988789882;33;1.172291297
2019;Agosto;ZA;Zamora;188;1.17841741;62;1.335631193
2019;Septiembre;AV;Ávila;149;0.998907236;47;1.095060578
2019;Septiembre;PA;Palencia;146;0.949420593;43;0.840171942
2019;Septiembre;SE;Segovia;120;0.824034335;42;1.295896328
2019;Septiembre;ZA;Zamora;183;1.148220885;45;0.969409737
2019;Octubre;AV;Ávila;159;1.066241064;59;1.374650513
2019;Octubre;PA;Palencia;159;1.034253971;52;1.016021884
2019;Diciembre;BU;Burgos;278;0.796194306;71;0.938905052
2019;Diciembre;SO;Soria;96;1.101043698;24;0.852575488
2018;Enero;BU;Burgos;413;1.16027532;139;1.838138059
2018;Enero;LE;León;684;1.545099279;159;1.868829337
2018;Enero;PA;Palencia;227;1.454969651;92;1.797577179
2018;Enero;SA;Salamanca;359;1.099860603;104;1.306696821
2018;Enero;SO;Soria;149;1.704903026;52;1.847246892
2018;Febrero;AV;Ávila;194;1.284674626;56;1.304753029
2018;Febrero;BU;Burgos;374;1.051125744;122;1.613329807
2018;Febrero;LE;León;573;1.294988417;155;1.821814763
2018;Febrero;SA;Salamanca;356;1.091114162;130;1.633371027
2018;Febrero;SE;Segovia;162;1.109627042;60;1.851280469
2018;Febrero;SO;Soria;109;1.248110658;38;1.34991119
2018;Febrero;VA;Valladolid;430;0.821769633;144;1.628775025
2018;Marzo;PA;Palencia;149;0.956937799;53;1.035560766
2018;Marzo;SO;Soria;95;1.088725389;34;1.207815275
2018;Abril;AV;Ávila;201;1.336276244;66;1.537744641
2018;Abril;BU;Burgos;384;1.081943102;134;1.772017985
2018;Abril;SE;Segovia;182;1.247258772;79;2.437519284
2018;Abril;ZA;Zamora;252;1.541699295;70;1.507970702
2018;Mayo;AV;Ávila;169;1.123946716;67;1.561043802
2018;Mayo;LE;León;572;1.296226214;141;1.657263752
2018;Mayo;SO;Soria;107;1.226445372;27;0.959147425
2018;Junio;LE;León;435;0.986132931;127;1.492712741
2018;Junio;VA;Valladolid;367;0.701386911;104;1.176337518
2018;Julio;SA;Salamanca;246;0.757107112;78;0.980022616
2018;Julio;SO;Soria;82;0.93982808;19;0.674955595
2018;Julio;ZA;Zamora;208;1.276527844;50;1.07712193
2018;Agosto;AV;Ávila;164;1.090657587;46;1.071761417
2018;Agosto;PA;Palencia;194;1.249573277;86;1.680343884
2018;Agosto;VA;Valladolid;433;0.827313181;146;1.651396901
2018;Septiembre;SE;Segovia;123;0.84347677;43;1.326751003
2018;Septiembre;ZA;Zamora;142;0.872509201;32;0.689358035
2018;Octubre;LE;León;511;1.159795277;109;1.281147156
2018;Octubre;ZA;Zamora;228;1.402265766;65;1.400258509
2018;Noviembre;SE;Segovia;145;0.994185728;49;1.51187905
2018;Noviembre;VA;Valladolid;422;0.805541822;136;1.538287524
2018;Diciembre;LE;León;275;0.624708942;68;0.799247767
2018;Diciembre;SE;Segovia;88;0.60269019;40;1.234186979
2018;Enero;VA;Valladolid;563;1.075889376;170;1.922859405
2018;Enero;ZA;Zamora;290;1.764000998;60;1.292546316
2018;Febrero;PA;Palencia;213;1.366383126;83;1.621727237
2018;Febrero;ZA;Zamora;216;1.31619838;50;1.07712193
2018;Marzo;SA;Salamanca;377;1.156572985;135;1.696192989
2018;Marzo;SE;Segovia;128;0.877331268;48;1.481024375
2018;Marzo;VA;Valladolid;419;0.800593089;131;1.481732836
2018;Abril;SO;Soria;114;1.306425551;35;1.243339254
2018;Abril;VA;Valladolid;436;0.832975116;135;1.526976586
2018;Mayo;BU;Burgos;337;0.95075002;114;1.507537688
2018;Mayo;PA;Palencia;186;1.196564701;69;1.348182884
2018;Mayo;VA;Valladolid;406;0.775922698;134;1.515665649
2018;Junio;AV;Ávila;146;0.971196701;45;1.048462255
2018;Junio;BU;Burgos;292;0.825493034;93;1.229833377
2018;Junio;SE;Segovia;124;0.850322643;52;1.604443073
2018;Junio;SO;Soria;99;1.134748521;29;1.030195382
2018;Julio;AV;Ávila;131;0.871277119;46;1.071761417
2018;Julio;LE;León;470;1.06570164;131;1.539727315
2018;Agosto;SA;Salamanca;334;1.028895324;93;1.168488504
2018;Agosto;SE;Segovia;144;0.986389199;63;1.943844492
2018;Agosto;ZA;Zamora;227;1.393381744;63;1.357173632
2018;Septiembre;AV;Ávila;141;0.937662096;32;0.745573159
2018;Septiembre;LE;León;422;0.956957329;107;1.257639868
2018;Septiembre;PA;Palencia;147;0.947116128;41;0.801094177
2018;Septiembre;SA;Salamanca;247;0.761426797;84;1.055408971
2018;Septiembre;VA;Valladolid;348;0.664845347;97;1.097160955
2018;Octubre;PA;Palencia;162;1.044137362;53;1.035560766
2018;Octubre;SE;Segovia;160;1.097386163;60;1.851280469
2018;Octubre;SO;Soria;90;1.03045569;25;0.888099467
2018;Octubre;VA;Valladolid;438;0.836447733;126;1.425178147
2018;Noviembre;AV;Ávila;148;0.985503772;54;1.258154706
2018;Noviembre;SA;Salamanca;330;1.016100575;103;1.294132429
2018;Noviembre;SO;Soria;101;1.156797618;34;1.207815275
2018;Noviembre;ZA;Zamora;236;1.453380958;68;1.464885825
2018;Diciembre;AV;Ávila;108;0.719137036;47;1.095060578
2018;Diciembre;BU;Burgos;192;0.542855931;66;0.872784978
2018;Diciembre;PA;Palencia;131;0.844899644;44;0.859710825
2018;Diciembre;SA;Salamanca;221;0.680680681;66;0.829249906
2018;Diciembre;VA;Valladolid;322;0.614419393;101;1.142404705
2018;Enero;AV;Ávila;241;1.594178932;79;1.840633737
2018;Enero;SE;Segovia;206;1.410485522;87;2.68435668
2018;Marzo;AV;Ávila;177;1.173825677;44;1.025163094
2018;Marzo;BU;Burgos;350;0.984952736;108;1.4281936
2018;Marzo;LE;León;547;1.237013618;134;1.574988246
2018;Marzo;ZA;Zamora;217;1.323606553;52;1.120206807
2018;Abril;LE;León;544;1.231326392;133;1.563234603
2018;Abril;PA;Palencia;205;1.317192901;75;1.465416178
2018;Abril;SA;Salamanca;403;1.237361564;149;1.872094484
2018;Mayo;SA;Salamanca;326;1.001997848;102;1.281568036
2018;Mayo;SE;Segovia;151;1.03557296;54;1.666152422
2018;Mayo;ZA;Zamora;212;1.299186783;51;1.098664369
2018;Junio;PA;Palencia;159;1.023205529;64;1.250488472
2018;Junio;SA;Salamanca;273;0.839516955;77;0.967458223
2018;Junio;ZA;Zamora;195;1.19554155;53;1.141749246
2018;Julio;BU;Burgos;282;0.797238502;97;1.282729437
2018;Julio;PA;Palencia;135;0.869453211;44;0.859710825
2018;Julio;SE;Segovia;127;0.870459219;49;1.51187905
2018;Julio;VA;Valladolid;397;0.758723891;145;1.640085963
2018;Agosto;BU;Burgos;299;0.845275082;87;1.150489289
2018;Agosto;LE;León;470;1.065684725;124;1.45745181
2018;Agosto;SO;Soria;84;0.962640385;34;1.207815275
2018;Septiembre;BU;Burgos;298;0.842326631;112;1.481089659
2018;Septiembre;SO;Soria;78;0.89347079;20;0.710479574
2018;Octubre;AV;Ávila;161;1.070991432;49;1.1416589
2018;Octubre;BU;Burgos;337;0.953135164;110;1.454641629
2018;Octubre;SA;Salamanca;363;1.117345949;127;1.595677849
2018;Noviembre;BU;Burgos;291;0.822977765;92;1.216609363
2018;Noviembre;LE;León;553;1.255499907;110;1.292900799
2018;Noviembre;PA;Palencia;195;1.257156119;81;1.582649472
2018;Diciembre;SO;Soria;53;0.606935092;18;0.639431616
2018;Diciembre;ZA;Zamora;139;0.85742661;36;0.77552779
2017;Enero;AV;Ávila;238;1.556033553;89;2.073625349
2017;Enero;SO;Soria;130;1.482782613;43;1.527531083
2017;Enero;VA;Valladolid;538;1.028914801;153;1.730573465
2017;Febrero;BU;Burgos;412;1.15362861;133;1.75879397
2017;Febrero;LE;León;619;1.381295606;169;1.986365773
2017;Febrero;PA;Palencia;238;1.513003566;79;1.543571708
2017;Febrero;VA;Valladolid;446;0.853165608;137;1.549598462
2017;Febrero;ZA;Zamora;234;1.40206235;66;1.421800948
2017;Marzo;BU;Burgos;420;1.176866174;114;1.507537688
2017;Abril;AV;Ávila;161;1.057242108;47;1.095060578
2017;Abril;LE;León;523;1.17044656;118;1.386929948
2017;Abril;ZA;Zamora;189;1.136479799;55;1.184834123
2017;Mayo;BU;Burgos;360;1.009678894;124;1.639777837
2017;Mayo;SE;Segovia;153;1.049123673;59;1.820425795
2017;Mayo;ZA;Zamora;252;1.518364986;46;0.990952176
2017;Junio;BU;Burgos;311;0.87314912;107;1.414969585
2017;Junio;SA;Salamanca;352;1.074664778;122;1.532855886
2017;Junio;VA;Valladolid;421;0.805673781;143;1.617464088
2017;Julio;SO;Soria;79;0.904593963;27;0.959147425
2017;Agosto;AV;Ávila;171;1.126541583;58;1.351351351
2017;Agosto;BU;Burgos;293;0.82289964;82;1.084369214
2017;Agosto;LE;León;422;0.948604517;121;1.422190879
2017;Agosto;SA;Salamanca;277;0.847657314;104;1.306696821
2017;Agosto;SE;Segovia;116;0.79585606;47;1.450169701
2017;Agosto;SO;Soria;69;0.789988894;24;0.852575488
2017;Agosto;VA;Valladolid;396;0.757864277;121;1.368623459
2017;Septiembre;AV;Ávila;135;0.889632812;38;0.885368127
2017;Septiembre;BU;Burgos;333;0.935078064;100;1.322401481
2017;Septiembre;LE;León;421;0.947794745;99;1.163610719
2017;Septiembre;SO;Soria;75;0.858516484;25;0.888099467
2017;Septiembre;VA;Valladolid;305;0.58356341;77;0.870942201
2017;Octubre;BU;Burgos;335;0.094069415;100;1.322401481
2017;Octubre;SO;Soria;85;0.097337532;26;0.923623446
2017;Octubre;VA;Valladolid;378;0.072299388;124;1.402556272
2017;Octubre;ZA;Zamora;183;0.110674327;49;1.055579492
2017;Noviembre;AV;Ávila;170;1.121719794;65;1.51444548
2017;Noviembre;LE;León;501;1.129951148;134;1.574988246
2017;Noviembre;PA;Palencia;149;0.953697659;64;1.250488472
2017;Noviembre;SA;Salamanca;344;1.052708889;101;1.269003644
2017;Noviembre;SO;Soria;108;1.237155916;34;1.207815275
2017;Diciembre;AV;Ávila;183;1.208550994;60;1.397949674
2017;Diciembre;BU;Burgos;287;0.806073355;79;1.04469717
2017;Diciembre;PA;Palencia;179;1.146612688;53;1.035560766
2017;Diciembre;SA;Salamanca;270;0.826562663;86;1.080537756
2017;Diciembre;ZA;Zamora;195;1.184539032;45;0.969409737
2017;Enero;BU;Burgos;449;1.256837025;160;2.11584237
2017;Enero;LE;León;730;1.627259494;179;2.10390221
2017;Enero;PA;Palencia;238;1.511475785;85;1.660805002
2017;Enero;SA;Salamanca;427;1.297955189;133;1.671064204
2017;Enero;SE;Segovia;201;1.373523121;69;2.128972539
2017;Febrero;AV;Ávila;207;1.354942595;68;1.584342964
2017;Febrero;SA;Salamanca;445;1.353459839;131;1.645935419
2017;Febrero;SE;Segovia;188;1.286006471;79;2.437519284
2017;Marzo;LE;León;557;1.245112876;143;1.680771039
2017;Marzo;PA;Palencia;179;1.139292875;68;1.328644002
2017;Marzo;SA;Salamanca;331;1.007772944;96;1.206181681
2017;Marzo;SE;Segovia;166;1.136433652;57;1.758716446
2017;Marzo;VA;Valladolid;430;0.822487969;116;1.312068771
2017;Abril;PA;Palencia;160;1.019251105;55;1.074638531
2017;Abril;SE;Segovia;123;0.842881421;40;1.234186979
2017;Abril;SO;Soria;76;0.868779936;24;0.852575488
2017;Abril;VA;Valladolid;393;0.751682679;112;1.26682502
2017;Mayo;LE;León;567;1.271808031;142;1.669017395
2017;Mayo;SO;Soria;112;1.280468286;44;1.563055062
2017;Mayo;VA;Valladolid;423;0.809333935;116;1.312068771
2017;Junio;PA;Palencia;157;1.001518225;67;1.309105119
2017;Junio;ZA;Zamora;230;1.387389235;73;1.572598018
2017;Julio;AV;Ávila;159;1.046761951;52;1.211556384
2017;Julio;LE;León;433;0.972815098;97;1.140103432
2017;Julio;SA;Salamanca;287;0.877201026;101;1.269003644
2017;Julio;VA;Valladolid;390;0.746408626;114;1.289446895
2017;Septiembre;SE;Segovia;112;0.768201927;45;1.388460352
2017;Octubre;AV;Ávila;150;0.098928929;57;1.32805219
2017;Octubre;LE;León;417;0.093916592;107;1.257639868
2017;Octubre;SE;Segovia;137;0.093931478;57;1.758716446
2017;Noviembre;BU;Burgos;318;0.892824554;118;1.560433748
2017;Noviembre;VA;Valladolid;408;0.779917879;130;1.470421898
2017;Noviembre;ZA;Zamora;175;1.060316883;51;1.098664369
2017;Diciembre;LE;León;439;0.990954996;110;1.292900799
2017;Diciembre;VA;Valladolid;395;0.754813609;134;1.515665649
2017;Enero;ZA;Zamora;319;1.908533959;88;1.895734597
2017;Febrero;SO;Soria;117;1.335616438;40;1.420959147
2017;Marzo;AV;Ávila;203;1.331068986;72;1.677539609
2017;Marzo;SO;Soria;76;0.868472175;20;0.710479574
2017;Marzo;ZA;Zamora;244;1.465113486;48;1.034037053
2017;Abril;BU;Burgos;271;0.759948739;91;1.203385348
2017;Abril;SA;Salamanca;267;0.813734125;79;0.992587008
2017;Mayo;AV;Ávila;177;1.163256856;60;1.397949674
2017;Mayo;PA;Palencia;183;1.166697481;68;1.328644002
2017;Mayo;SA;Salamanca;383;1.168409621;115;1.444905139
2017;Junio;AV;Ávila;171;1.124726218;58;1.351351351
2017;Junio;LE;León;485;1.088982195;127;1.492712741
2017;Junio;SE;Segovia;160;1.097702372;71;2.190681888
2017;Junio;SO;Soria;110;1.258206941;37;1.314387211
2017;Julio;BU;Burgos;291;0.817376698;86;1.137265274
2017;Julio;PA;Palencia;125;0.79786555;48;0.937866354
2017;Julio;SE;Segovia;113;0.775326769;47;1.450169701
2017;Julio;ZA;Zamora;192;1.159224286;40;0.861697544
2017;Agosto;PA;Palencia;169;1.078507703;72;1.406799531
2017;Agosto;ZA;Zamora;187;1.129868404;51;1.098664369
2017;Septiembre;PA;Palencia;153;0.976693414;58;1.133255178
2017;Septiembre;SA;Salamanca;244;0.747244536;73;0.917200653
2017;Septiembre;ZA;Zamora;201;1.214662976;60;1.292546316
2017;Octubre;PA;Palencia;181;0.115745922;65;1.270027354
2017;Octubre;SA;Salamanca;321;0.098228521;104;1.306696821
2017;Noviembre;SE;Segovia;141;0.966190196;51;1.573588399
2017;Diciembre;SE;Segovia;126;0.863291608;48;1.481024375
2017;Diciembre;SO;Soria;81;0.926519034;21;0.746003552
